season,week,actual_eliminated,actual_elim_score,actual_elim_vote,method,sim_eliminated,sim_elim_score,sim_elim_vote,talent_loss_score
1,2,Trista Sutter,19.0,0.0666699529018394,Ranking,Trista Sutter,19.0,0.0666699529018394,0.4166666666666667
1,2,Trista Sutter,19.0,0.0666699529018394,Percentage,Trista Sutter,19.0,0.0666699529018394,0.4166666666666667
1,2,Trista Sutter,19.0,0.0666699529018394,New_Mechanism,Kelly Monaco,17.0,0.1454406923040365,0.25
1,3,Evander Holyfield,13.0,0.1048037591018181,Ranking,Evander Holyfield,13.0,0.1048037591018181,0.0
1,3,Evander Holyfield,13.0,0.1048037591018181,Percentage,Evander Holyfield,13.0,0.1048037591018181,0.0
1,3,Evander Holyfield,13.0,0.1048037591018181,New_Mechanism,Evander Holyfield,13.0,0.1048037591018181,0.0
1,4,Rachel Hunter,25.0,0.1475254420533181,Ranking,Rachel Hunter,25.0,0.1475254420533181,0.8333333333333334
1,4,Rachel Hunter,25.0,0.1475254420533181,Percentage,Rachel Hunter,25.0,0.1475254420533181,0.8333333333333334
1,4,Rachel Hunter,25.0,0.1475254420533181,New_Mechanism,John O'Hurley,21.0,0.2625520604916977,0.16666666666666666
2,1,Kenny Mayne,13.0,0.0239277655888563,Ranking,Kenny Mayne,13.0,0.0239277655888563,0.08333333333333333
2,1,Kenny Mayne,13.0,0.0239277655888563,Percentage,Kenny Mayne,13.0,0.0239277655888563,0.08333333333333333
2,1,Kenny Mayne,13.0,0.0239277655888563,New_Mechanism,Master P,12.0,0.0873149478496715,0.0
2,2,Tatum O'Neal,17.0,0.0382955947015365,Ranking,Tatum O'Neal,17.0,0.0382955947015365,0.07692307692307693
2,2,Tatum O'Neal,17.0,0.0382955947015365,Percentage,Tatum O'Neal,17.0,0.0382955947015365,0.07692307692307693
2,2,Tatum O'Neal,17.0,0.0382955947015365,New_Mechanism,Master P,16.0,0.1086138128968537,0.0
2,3,Giselle Fernandez,22.0,0.0493680912713557,Ranking,Giselle Fernandez,22.0,0.0493680912713557,0.6153846153846154
2,3,Giselle Fernandez,22.0,0.0493680912713557,Percentage,Giselle Fernandez,22.0,0.0493680912713557,0.6153846153846154
2,3,Giselle Fernandez,22.0,0.0493680912713557,New_Mechanism,Master P,14.0,0.1497220219605668,0.0
2,4,Master P,8.0,0.0664093812878722,Ranking,Master P,8.0,0.0664093812878722,0.0
2,4,Master P,8.0,0.0664093812878722,Percentage,Master P,8.0,0.0664093812878722,0.0
2,4,Master P,8.0,0.0664093812878722,New_Mechanism,Master P,8.0,0.0664093812878722,0.0
2,5,Tia Carrere,22.0,0.0799113617629727,Ranking,Tia Carrere,22.0,0.0799113617629727,0.0
2,5,Tia Carrere,22.0,0.0799113617629727,Percentage,Tia Carrere,22.0,0.0799113617629727,0.0
2,5,Tia Carrere,22.0,0.0799113617629727,New_Mechanism,Tia Carrere,22.0,0.0799113617629727,0.0
2,6,George Hamilton,23.0,0.0931661124501428,Ranking,George Hamilton,23.0,0.0931661124501428,0.0
2,6,George Hamilton,23.0,0.0931661124501428,Percentage,George Hamilton,23.0,0.0931661124501428,0.0
2,6,George Hamilton,23.0,0.0931661124501428,New_Mechanism,George Hamilton,23.0,0.0931661124501428,0.0
2,7,Lisa Rinna,26.5,0.1579376069341653,Ranking,Lisa Rinna,26.5,0.1579376069341653,0.8571428571428571
2,7,Lisa Rinna,26.5,0.1579376069341653,Percentage,Lisa Rinna,26.5,0.1579376069341653,0.8571428571428571
2,7,Lisa Rinna,26.5,0.1579376069341653,New_Mechanism,Jerry Rice,20.5,0.2715999238971043,0.0
3,1,Tucker Carlson,12.0,0.0249550111193701,Ranking,Tucker Carlson,12.0,0.0249550111193701,0.0
3,1,Tucker Carlson,12.0,0.0249550111193701,Percentage,Tucker Carlson,12.0,0.0249550111193701,0.0
3,1,Tucker Carlson,12.0,0.0249550111193701,New_Mechanism,Tucker Carlson,12.0,0.0249550111193701,0.0
3,2,Shanna Moakler,22.0,0.026758919245471,Ranking,Shanna Moakler,22.0,0.026758919245471,0.3
3,2,Shanna Moakler,22.0,0.026758919245471,Percentage,Shanna Moakler,22.0,0.026758919245471,0.3
3,2,Shanna Moakler,22.0,0.026758919245471,New_Mechanism,Harry Hamlin,21.0,0.0902137498385996,0.2
3,3,Harry Hamlin,22.0,0.0312116773059929,Ranking,Harry Hamlin,22.0,0.0312116773059929,0.375
3,3,Harry Hamlin,22.0,0.0312116773059929,Percentage,Harry Hamlin,22.0,0.0312116773059929,0.375
3,3,Harry Hamlin,22.0,0.0312116773059929,New_Mechanism,Harry Hamlin,22.0,0.0312116773059929,0.375
3,4,Vivica A. Fox,24.0,0.0435849003264656,Ranking,Vivica A. Fox,24.0,0.0435849003264656,0.4444444444444444
3,4,Vivica A. Fox,24.0,0.0435849003264656,Percentage,Vivica A. Fox,24.0,0.0435849003264656,0.4444444444444444
3,4,Vivica A. Fox,24.0,0.0435849003264656,New_Mechanism,Vivica A. Fox,24.0,0.0435849003264656,0.4444444444444444
3,5,Willa Ford,27.0,0.0283178452577384,Ranking,Willa Ford,27.0,0.0283178452577384,1.0
3,5,Willa Ford,27.0,0.0283178452577384,Percentage,Willa Ford,27.0,0.0283178452577384,1.0
3,5,Willa Ford,27.0,0.0283178452577384,New_Mechanism,Willa Ford,27.0,0.0283178452577384,1.0
3,7,Jerry Springer,23.0,0.1057699984480899,Ranking,Jerry Springer,23.0,0.1057699984480899,0.8070175438596491
3,7,Jerry Springer,23.0,0.1057699984480899,Percentage,Sara Evans,0.0,0.1902961183810386,0.0
3,7,Jerry Springer,23.0,0.1057699984480899,New_Mechanism,Sara Evans,0.0,0.1902961183810386,0.0
3,8,Monique Coleman,26.5,0.1221006813625527,Ranking,Monique Coleman,26.5,0.1221006813625527,0.9298245614035088
3,8,Monique Coleman,26.5,0.1221006813625527,Percentage,Sara Evans,0.0,0.2249209344773463,0.0
3,8,Monique Coleman,26.5,0.1221006813625527,New_Mechanism,Sara Evans,0.0,0.2249209344773463,0.0
4,2,Paulina Porizkova,21.0,0.0207974134768367,Ranking,Paulina Porizkova,21.0,0.0207974134768367,0.3333333333333333
4,2,Paulina Porizkova,21.0,0.0207974134768367,Percentage,Paulina Porizkova,21.0,0.0207974134768367,0.3333333333333333
4,2,Paulina Porizkova,21.0,0.0207974134768367,New_Mechanism,Paulina Porizkova,21.0,0.0207974134768367,0.3333333333333333
4,3,Shandi Finnessey,21.0,0.0313224503297581,Ranking,Shandi Finnessey,21.0,0.0313224503297581,0.625
4,3,Shandi Finnessey,21.0,0.0313224503297581,Percentage,Shandi Finnessey,21.0,0.0313224503297581,0.625
4,3,Shandi Finnessey,21.0,0.0313224503297581,New_Mechanism,Shandi Finnessey,21.0,0.0313224503297581,0.625
4,4,Leeza Gibbons,16.0,0.0341234141739925,Ranking,Leeza Gibbons,16.0,0.0341234141739925,0.07692307692307693
4,4,Leeza Gibbons,16.0,0.0341234141739925,Percentage,Leeza Gibbons,16.0,0.0341234141739925,0.07692307692307693
4,4,Leeza Gibbons,16.0,0.0341234141739925,New_Mechanism,Leeza Gibbons,16.0,0.0341234141739925,0.07692307692307693
4,5,Clyde Drexler,13.0,0.0526211997148117,Ranking,Clyde Drexler,13.0,0.0526211997148117,0.0
4,5,Clyde Drexler,13.0,0.0526211997148117,Percentage,Clyde Drexler,13.0,0.0526211997148117,0.0
4,5,Clyde Drexler,13.0,0.0526211997148117,New_Mechanism,Clyde Drexler,13.0,0.0526211997148117,0.0
4,6,Heather Mills,23.0,0.0566703580863039,Ranking,Heather Mills,23.0,0.0566703580863039,0.4444444444444444
4,6,Heather Mills,23.0,0.0566703580863039,Percentage,Heather Mills,23.0,0.0566703580863039,0.4444444444444444
4,6,Heather Mills,23.0,0.0566703580863039,New_Mechanism,Billy Ray Cyrus,21.0,0.1320375793438504,0.2222222222222222
4,7,John Ratzenberger,22.5,0.0803415491396326,Ranking,John Ratzenberger,22.5,0.0803415491396326,0.3333333333333333
4,7,John Ratzenberger,22.5,0.0803415491396326,Percentage,John Ratzenberger,22.5,0.0803415491396326,0.3333333333333333
4,7,John Ratzenberger,22.5,0.0803415491396326,New_Mechanism,Billy Ray Cyrus,19.0,0.163978344629493,0.0
4,8,Billy Ray Cyrus,19.0,0.0990778652123596,Ranking,Billy Ray Cyrus,19.0,0.0990778652123596,0.0
4,8,Billy Ray Cyrus,19.0,0.0990778652123596,Percentage,Billy Ray Cyrus,19.0,0.0990778652123596,0.0
4,8,Billy Ray Cyrus,19.0,0.0990778652123596,New_Mechanism,Billy Ray Cyrus,19.0,0.0990778652123596,0.0
4,9,Ian Ziering,29.0,0.1525973302617648,Ranking,Ian Ziering,29.0,0.1525973302617648,0.0
4,9,Ian Ziering,29.0,0.1525973302617648,Percentage,Ian Ziering,29.0,0.1525973302617648,0.0
4,9,Ian Ziering,29.0,0.1525973302617648,New_Mechanism,Ian Ziering,29.0,0.1525973302617648,0.0
5,1,Josie Maran,16.0,0.0249594673349776,Ranking,Josie Maran,16.0,0.0249594673349776,0.0
5,1,Josie Maran,16.0,0.0249594673349776,Percentage,Josie Maran,16.0,0.0249594673349776,0.0
5,1,Josie Maran,16.0,0.0249594673349776,New_Mechanism,Josie Maran,16.0,0.0249594673349776,0.0
5,2,Albert Reed,21.0,0.0225522555718094,Ranking,Albert Reed,21.0,0.0225522555718094,0.5
5,2,Albert Reed,21.0,0.0225522555718094,Percentage,Albert Reed,21.0,0.0225522555718094,0.5
5,2,Albert Reed,21.0,0.0225522555718094,New_Mechanism,Albert Reed,21.0,0.0225522555718094,0.5
5,3,Wayne Newton,18.0,0.0403760513351258,Ranking,Wayne Newton,18.0,0.0403760513351258,0.0
5,3,Wayne Newton,18.0,0.0403760513351258,Percentage,Wayne Newton,18.0,0.0403760513351258,0.0
5,3,Wayne Newton,18.0,0.0403760513351258,New_Mechanism,Wayne Newton,18.0,0.0403760513351258,0.0
5,4,Floyd Mayweather Jr. ,23.0,0.0448366721245385,Ranking,Floyd Mayweather Jr. ,23.0,0.0448366721245385,0.125
5,4,Floyd Mayweather Jr. ,23.0,0.0448366721245385,Percentage,Floyd Mayweather Jr. ,23.0,0.0448366721245385,0.125
5,4,Floyd Mayweather Jr. ,23.0,0.0448366721245385,New_Mechanism,Mark Cuban,22.0,0.1178657109356387,0.0
5,5,Mark Cuban,21.0,0.0482022929355897,Ranking,Mark Cuban,21.0,0.0482022929355897,0.0
5,5,Mark Cuban,21.0,0.0482022929355897,Percentage,Mark Cuban,21.0,0.0482022929355897,0.0
5,5,Mark Cuban,21.0,0.0482022929355897,New_Mechanism,Mark Cuban,21.0,0.0482022929355897,0.0
5,6,Sabrina Bryan,25.0,0.0579259865295746,Ranking,Sabrina Bryan,25.0,0.0579259865295746,0.375
5,6,Sabrina Bryan,25.0,0.0579259865295746,Percentage,Sabrina Bryan,25.0,0.0579259865295746,0.375
5,6,Sabrina Bryan,25.0,0.0579259865295746,New_Mechanism,Marie Osmond,23.0,0.1588389834057147,0.125
5,7,Jane Seymour,25.0,0.0921193578852089,Ranking,Jane Seymour,25.0,0.0921193578852089,0.0
5,7,Jane Seymour,25.0,0.0921193578852089,Percentage,Jane Seymour,25.0,0.0921193578852089,0.0
5,7,Jane Seymour,25.0,0.0921193578852089,New_Mechanism,Jane Seymour,25.0,0.0921193578852089,0.0
5,8,Cameron Mathison,25.5,0.0932728496888021,Ranking,Cameron Mathison,25.5,0.0932728496888021,0.25
5,8,Cameron Mathison,25.5,0.0932728496888021,Percentage,Cameron Mathison,25.5,0.0932728496888021,0.25
5,8,Cameron Mathison,25.5,0.0932728496888021,New_Mechanism,Jennie Garth,25.0,0.1981793217070159,0.125
5,9,Jennie Garth,29.0,0.1510517969885364,Ranking,Jennie Garth,29.0,0.1510517969885364,0.5
5,9,Jennie Garth,29.0,0.1510517969885364,Percentage,Jennie Garth,29.0,0.1510517969885364,0.5
5,9,Jennie Garth,29.0,0.1510517969885364,New_Mechanism,Jennie Garth,29.0,0.1510517969885364,0.5
6,2,Monica Seles,15.0,0.028376611543476,Ranking,Monica Seles,15.0,0.028376611543476,0.0
6,2,Monica Seles,15.0,0.028376611543476,Percentage,Monica Seles,15.0,0.028376611543476,0.0
6,2,Monica Seles,15.0,0.028376611543476,New_Mechanism,Monica Seles,15.0,0.028376611543476,0.0
6,3,Steve Guttenberg,21.0,0.0266225116618419,Ranking,Steve Guttenberg,21.0,0.0266225116618419,0.25
6,3,Steve Guttenberg,21.0,0.0266225116618419,Percentage,Steve Guttenberg,21.0,0.0266225116618419,0.25
6,3,Steve Guttenberg,21.0,0.0266225116618419,New_Mechanism,Steve Guttenberg,21.0,0.0266225116618419,0.25
6,4,Adam Carolla,19.0,0.0430019283338859,Ranking,Adam Carolla,19.0,0.0430019283338859,0.0
6,4,Adam Carolla,19.0,0.0430019283338859,Percentage,Adam Carolla,19.0,0.0430019283338859,0.0
6,4,Adam Carolla,19.0,0.0430019283338859,New_Mechanism,Adam Carolla,19.0,0.0430019283338859,0.0
6,5,Priscilla Presley,21.0,0.0554602002206774,Ranking,Priscilla Presley,21.0,0.0554602002206774,0.0
6,5,Priscilla Presley,21.0,0.0554602002206774,Percentage,Priscilla Presley,21.0,0.0554602002206774,0.0
6,5,Priscilla Presley,21.0,0.0554602002206774,New_Mechanism,Priscilla Presley,21.0,0.0554602002206774,0.0
6,6,Marlee Matlin,21.0,0.0683027548498036,Ranking,Marlee Matlin,21.0,0.0683027548498036,0.0
6,6,Marlee Matlin,21.0,0.0683027548498036,Percentage,Marlee Matlin,21.0,0.0683027548498036,0.0
6,6,Marlee Matlin,21.0,0.0683027548498036,New_Mechanism,Marlee Matlin,21.0,0.0683027548498036,0.0
6,7,Shannon Elizabeth,25.5,0.0733987435927067,Ranking,Shannon Elizabeth,25.5,0.0733987435927067,0.5555555555555556
6,7,Shannon Elizabeth,25.5,0.0733987435927067,Percentage,Shannon Elizabeth,25.5,0.0733987435927067,0.5555555555555556
6,7,Shannon Elizabeth,25.5,0.0733987435927067,New_Mechanism,Shannon Elizabeth,25.5,0.0733987435927067,0.5555555555555556
6,8,Mario,26.5,0.096569892743536,Ranking,Mario,26.5,0.096569892743536,0.42857142857142855
6,8,Mario,26.5,0.096569892743536,Percentage,Mario,26.5,0.096569892743536,0.42857142857142855
6,8,Mario,26.5,0.096569892743536,New_Mechanism,Jason Taylor,26.0,0.2059389739109091,0.2857142857142857
6,9,Marissa Jaret Winokur,26.0,0.1493998506853106,Ranking,Marissa Jaret Winokur,26.0,0.1493998506853106,0.0
6,9,Marissa Jaret Winokur,26.0,0.1493998506853106,Percentage,Marissa Jaret Winokur,26.0,0.1493998506853106,0.0
6,9,Marissa Jaret Winokur,26.0,0.1493998506853106,New_Mechanism,Marissa Jaret Winokur,26.0,0.1493998506853106,0.0
7,1,Ted McGinley,18.5,0.0190721316146255,Ranking,Jeffrey Ross,12.0,0.0309787140396865,0.0
7,1,Ted McGinley,18.5,0.0190721316146255,Percentage,Jeffrey Ross,12.0,0.0309787140396865,0.0
7,1,Ted McGinley,18.5,0.0190721316146255,New_Mechanism,Jeffrey Ross,12.0,0.0309787140396865,0.0
7,2,Kim Kardashian,17.0,0.0265286042258235,Ranking,Kim Kardashian,17.0,0.0265286042258235,0.2222222222222222
7,2,Kim Kardashian,17.0,0.0265286042258235,Percentage,Kim Kardashian,17.0,0.0265286042258235,0.2222222222222222
7,2,Kim Kardashian,17.0,0.0265286042258235,New_Mechanism,Rocco DiSpirito,16.0,0.0890676002050974,0.1111111111111111
7,4,Rocco DiSpirito,18.0,0.0432332491992479,Ranking,Rocco DiSpirito,18.0,0.0432332491992479,0.6923076923076923
7,4,Rocco DiSpirito,18.0,0.0432332491992479,Percentage,Misty May-Treanor,0.0,0.0896948719199555,0.0
7,4,Rocco DiSpirito,18.0,0.0432332491992479,New_Mechanism,Misty May-Treanor,0.0,0.0896948719199555,0.0
7,5,Toni Braxton,22.0,0.0378522968578268,Ranking,Toni Braxton,22.0,0.0378522968578268,0.7586206896551724
7,5,Toni Braxton,22.0,0.0378522968578268,Percentage,Misty May-Treanor,0.0,0.1445700328140368,0.0
7,5,Toni Braxton,22.0,0.0378522968578268,New_Mechanism,Misty May-Treanor,0.0,0.1445700328140368,0.0
7,6,Cloris Leachman,15.0,0.055661808188559,Ranking,Cloris Leachman,15.0,0.055661808188559,0.5555555555555556
7,6,Cloris Leachman,15.0,0.055661808188559,Percentage,Misty May-Treanor,0.0,0.1287463613348428,0.0
7,6,Cloris Leachman,15.0,0.055661808188559,New_Mechanism,Misty May-Treanor,0.0,0.1287463613348428,0.0
7,7,Susan Lucci,24.0,0.060520681875012,Ranking,Susan Lucci,24.0,0.060520681875012,0.8
7,7,Susan Lucci,24.0,0.060520681875012,Percentage,Misty May-Treanor,0.0,0.1840851770968317,0.0
7,7,Susan Lucci,24.0,0.060520681875012,New_Mechanism,Misty May-Treanor,0.0,0.1840851770968317,0.0
7,8,Maurice Greene,24.0,0.0826720000667761,Ranking,Maurice Greene,24.0,0.0826720000667761,0.8727272727272727
7,8,Maurice Greene,24.0,0.0826720000667761,Percentage,Misty May-Treanor,0.0,0.1931910674164975,0.0
7,8,Maurice Greene,24.0,0.0826720000667761,New_Mechanism,Misty May-Treanor,0.0,0.1931910674164975,0.0
7,9,Cody Linley,23.0,0.1174493450952614,Ranking,Cody Linley,23.0,0.1174493450952614,0.8070175438596491
7,9,Cody Linley,23.0,0.1174493450952614,Percentage,Misty May-Treanor,0.0,0.2209305014773142,0.0
7,9,Cody Linley,23.0,0.1174493450952614,New_Mechanism,Misty May-Treanor,0.0,0.2209305014773142,0.0
8,2,Belinda Carlisle,18.0,0.0175268499761694,Ranking,Belinda Carlisle,18.0,0.0175268499761694,0.3076923076923077
8,2,Belinda Carlisle,18.0,0.0175268499761694,Percentage,Belinda Carlisle,18.0,0.0175268499761694,0.3076923076923077
8,2,Belinda Carlisle,18.0,0.0175268499761694,New_Mechanism,Steve Wozniak,17.0,0.0683338036454113,0.23076923076923078
8,3,Denise Richards,16.0,0.0222928546382974,Ranking,Steve Wozniak,10.0,0.0755786554589095,0.0
8,3,Denise Richards,16.0,0.0222928546382974,Percentage,Denise Richards,16.0,0.0222928546382974,0.35294117647058826
8,3,Denise Richards,16.0,0.0222928546382974,New_Mechanism,Steve Wozniak,10.0,0.0755786554589095,0.0
8,4,Steve Wozniak,12.0,0.0351517283535751,Ranking,Steve Wozniak,12.0,0.0351517283535751,0.0
8,4,Steve Wozniak,12.0,0.0351517283535751,Percentage,Steve Wozniak,12.0,0.0351517283535751,0.0
8,4,Steve Wozniak,12.0,0.0351517283535751,New_Mechanism,Steve Wozniak,12.0,0.0351517283535751,0.0
8,5,David Alan Grier,22.0,0.0347352487844674,Ranking,David Alan Grier,22.0,0.0347352487844674,0.36363636363636365
8,5,David Alan Grier,22.0,0.0347352487844674,Percentage,David Alan Grier,22.0,0.0347352487844674,0.36363636363636365
8,5,David Alan Grier,22.0,0.0347352487844674,New_Mechanism,Ty Murray,21.0,0.1043622349873189,0.2727272727272727
8,6,Steve-O,16.0,0.0512783003806624,Ranking,Steve-O,16.0,0.0512783003806624,0.0
8,6,Steve-O,16.0,0.0512783003806624,Percentage,Steve-O,16.0,0.0512783003806624,0.0
8,6,Steve-O,16.0,0.0512783003806624,New_Mechanism,Steve-O,16.0,0.0512783003806624,0.0
8,7,Lawrence Taylor,21.0,0.0628305016798594,Ranking,Lawrence Taylor,21.0,0.0628305016798594,0.0
8,7,Lawrence Taylor,21.0,0.0628305016798594,Percentage,Lawrence Taylor,21.0,0.0628305016798594,0.0
8,7,Lawrence Taylor,21.0,0.0628305016798594,New_Mechanism,Lawrence Taylor,21.0,0.0628305016798594,0.0
8,8,Chuck Wicks,25.5,0.0831249530939389,Ranking,Chuck Wicks,25.5,0.0831249530939389,0.5
8,8,Chuck Wicks,25.5,0.0831249530939389,Percentage,Chuck Wicks,25.5,0.0831249530939389,0.5
8,8,Chuck Wicks,25.5,0.0831249530939389,New_Mechanism,Melissa Rycroft,23.0,0.182108410263199,0.0
8,9,Lil' Kim,26.0,0.1169713823492036,Ranking,Lil' Kim,26.0,0.1169713823492036,0.5454545454545454
8,9,Lil' Kim,26.0,0.1169713823492036,Percentage,Lil' Kim,26.0,0.1169713823492036,0.5454545454545454
8,9,Lil' Kim,26.0,0.1169713823492036,New_Mechanism,Ty Murray,23.0,0.211787514185486,0.0
8,10,Ty Murray,24.0,0.1474736988794211,Ranking,Ty Murray,24.0,0.1474736988794211,0.0
8,10,Ty Murray,24.0,0.1474736988794211,Percentage,Ty Murray,24.0,0.1474736988794211,0.0
8,10,Ty Murray,24.0,0.1474736988794211,New_Mechanism,Ty Murray,24.0,0.1474736988794211,0.0
9,1,Ashley Hamiliton,18.9999,0.0154356500851644,Ranking,Ashley Hamiliton,18.9999,0.0154356500851644,0.0
9,1,Ashley Hamiliton,18.9999,0.0154356500851644,Percentage,Ashley Hamiliton,18.9999,0.0154356500851644,0.0
9,1,Ashley Hamiliton,18.9999,0.0154356500851644,New_Mechanism,Ashley Hamiliton,18.9999,0.0154356500851644,0.0
9,2,Kathy Ireland,18.0,0.0191579803292064,Ranking,Kathy Ireland,18.0,0.0191579803292064,0.0
9,2,Kathy Ireland,18.0,0.0191579803292064,Percentage,Kathy Ireland,18.0,0.0191579803292064,0.0
9,2,Kathy Ireland,18.0,0.0191579803292064,New_Mechanism,Kathy Ireland,18.0,0.0191579803292064,0.0
9,3,Debi Mazar,17.0,0.0165600345988698,Ranking,Debi Mazar,17.0,0.0165600345988698,0.23076923076923078
9,3,Debi Mazar,17.0,0.0165600345988698,Percentage,Debi Mazar,17.0,0.0165600345988698,0.23076923076923078
9,3,Debi Mazar,17.0,0.0165600345988698,New_Mechanism,Tom DeLay,15.0,0.0735822408593517,0.07692307692307693
9,4,Chuck Liddell,17.0,0.0248695306503377,Ranking,Chuck Liddell,17.0,0.0248695306503377,0.6071428571428571
9,4,Chuck Liddell,17.0,0.0248695306503377,Percentage,Tom DeLay,0.0,0.0905918084468397,0.0
9,4,Chuck Liddell,17.0,0.0248695306503377,New_Mechanism,Tom DeLay,0.0,0.0905918084468397,0.0
9,5,Natalie Coughlin,22.0,0.0326483334619549,Ranking,Natalie Coughlin,22.0,0.0326483334619549,0.7586206896551724
9,5,Natalie Coughlin,22.0,0.0326483334619549,Percentage,Tom DeLay,0.0,0.0993130467057813,0.0
9,5,Natalie Coughlin,22.0,0.0326483334619549,New_Mechanism,Tom DeLay,0.0,0.0993130467057813,0.0
9,6,Melissa Joan Hart,23.9999,0.0493326476701715,Ranking,Louie Vito,24.0,0.0375663933064371,0.6666685185236626
9,6,Melissa Joan Hart,23.9999,0.0493326476701715,Percentage,Tom DeLay,0.0,0.1232006542529186,0.0
9,6,Melissa Joan Hart,23.9999,0.0493326476701715,New_Mechanism,Tom DeLay,0.0,0.1232006542529186,0.0
9,7,Mark Dacascos,21.5,0.072845898147325,Ranking,Michael Irvin,23.5,0.0608839338333637,0.8545454545454545
9,7,Mark Dacascos,21.5,0.072845898147325,Percentage,Tom DeLay,0.0,0.1545099401391139,0.0
9,7,Mark Dacascos,21.5,0.072845898147325,New_Mechanism,Tom DeLay,0.0,0.1545099401391139,0.0
9,8,Aaron Carter,25.0,0.0779391544184325,Ranking,Aaron Carter,25.0,0.0779391544184325,0.847457627118644
9,8,Aaron Carter,25.0,0.0779391544184325,Percentage,Tom DeLay,0.0,0.1918540333251231,0.0
9,8,Aaron Carter,25.0,0.0779391544184325,New_Mechanism,Tom DeLay,0.0,0.1918540333251231,0.0
9,9,Joanna Krupa,27.0,0.0954663991491499,Ranking,Joanna Krupa,27.0,0.0954663991491499,0.9310376932334249
9,9,Joanna Krupa,27.0,0.0954663991491499,Percentage,Tom DeLay,0.0,0.279092408326861,0.0
9,9,Joanna Krupa,27.0,0.0954663991491499,New_Mechanism,Tom DeLay,0.0,0.279092408326861,0.0
10,2,Shannen Doherty,20.0,0.0244377581987999,Ranking,Chad Ochocinco,16.0,0.088910159311353,0.25
10,2,Shannen Doherty,20.0,0.0244377581987999,Percentage,Shannen Doherty,20.0,0.0244377581987999,0.5
10,2,Shannen Doherty,20.0,0.0244377581987999,New_Mechanism,Chad Ochocinco,16.0,0.088910159311353,0.25
10,3,Buzz Aldrin,13.0,0.0406535038591556,Ranking,Buzz Aldrin,13.0,0.0406535038591556,0.0
10,3,Buzz Aldrin,13.0,0.0406535038591556,Percentage,Buzz Aldrin,13.0,0.0406535038591556,0.0
10,3,Buzz Aldrin,13.0,0.0406535038591556,New_Mechanism,Buzz Aldrin,13.0,0.0406535038591556,0.0
10,4,Aiden Turner,16.5,0.037538264641453,Ranking,Aiden Turner,16.5,0.037538264641453,0.05
10,4,Aiden Turner,16.5,0.037538264641453,Percentage,Aiden Turner,16.5,0.037538264641453,0.05
10,4,Aiden Turner,16.5,0.037538264641453,New_Mechanism,Kate Gosselin,16.0,0.1093705268585073,0.0
10,5,Kate Gosselin,15.0,0.0526559023866009,Ranking,Kate Gosselin,15.0,0.0526559023866009,0.0
10,5,Kate Gosselin,15.0,0.0526559023866009,Percentage,Kate Gosselin,15.0,0.0526559023866009,0.0
10,5,Kate Gosselin,15.0,0.0526559023866009,New_Mechanism,Kate Gosselin,15.0,0.0526559023866009,0.0
10,6,Jake Pavelka,24.9999,0.0620336051648865,Ranking,Jake Pavelka,24.9999,0.0620336051648865,0.0
10,6,Jake Pavelka,24.9999,0.0620336051648865,Percentage,Jake Pavelka,24.9999,0.0620336051648865,0.0
10,6,Jake Pavelka,24.9999,0.0620336051648865,New_Mechanism,Jake Pavelka,24.9999,0.0620336051648865,0.0
10,7,Pamela Anderson,25.5,0.068713869999772,Ranking,Pamela Anderson,25.5,0.068713869999772,0.4
10,7,Pamela Anderson,25.5,0.068713869999772,Percentage,Pamela Anderson,25.5,0.068713869999772,0.4
10,7,Pamela Anderson,25.5,0.068713869999772,New_Mechanism,Pamela Anderson,25.5,0.068713869999772,0.4
10,8,Niecy Nash,21.5,0.1089311912504034,Ranking,Niecy Nash,21.5,0.1089311912504034,0.0
10,8,Niecy Nash,21.5,0.1089311912504034,Percentage,Niecy Nash,21.5,0.1089311912504034,0.0
10,8,Niecy Nash,21.5,0.1089311912504034,New_Mechanism,Niecy Nash,21.5,0.1089311912504034,0.0
10,9,Chad Ochocinco,26.0,0.1482038396509499,Ranking,Chad Ochocinco,26.0,0.1482038396509499,0.0
10,9,Chad Ochocinco,26.0,0.1482038396509499,Percentage,Chad Ochocinco,26.0,0.1482038396509499,0.0
10,9,Chad Ochocinco,26.0,0.1482038396509499,New_Mechanism,Chad Ochocinco,26.0,0.1482038396509499,0.0
11,1,David Hasselhoff,15.0,0.0178545739434604,Ranking,David Hasselhoff,15.0,0.0178545739434604,0.0
11,1,David Hasselhoff,15.0,0.0178545739434604,Percentage,David Hasselhoff,15.0,0.0178545739434604,0.0
11,1,David Hasselhoff,15.0,0.0178545739434604,New_Mechanism,David Hasselhoff,15.0,0.0178545739434604,0.0
11,2,Michael Bolton,12.0,0.0295429102606312,Ranking,Michael Bolton,12.0,0.0295429102606312,0.0
11,2,Michael Bolton,12.0,0.0295429102606312,Percentage,Michael Bolton,12.0,0.0295429102606312,0.0
11,2,Michael Bolton,12.0,0.0295429102606312,New_Mechanism,Michael Bolton,12.0,0.0295429102606312,0.0
11,3,Margaret Cho,18.0,0.0332400820988342,Ranking,Margaret Cho,18.0,0.0332400820988342,0.0
11,3,Margaret Cho,18.0,0.0332400820988342,Percentage,Margaret Cho,18.0,0.0332400820988342,0.0
11,3,Margaret Cho,18.0,0.0332400820988342,New_Mechanism,Margaret Cho,18.0,0.0332400820988342,0.0
11,4,The Situation,14.0,0.0392094316348945,Ranking,The Situation,14.0,0.0392094316348945,0.0
11,4,The Situation,14.0,0.0392094316348945,Percentage,The Situation,14.0,0.0392094316348945,0.0
11,4,The Situation,14.0,0.0392094316348945,New_Mechanism,The Situation,14.0,0.0392094316348945,0.0
11,5,Florence Henderson,21.0,0.0430352659061878,Ranking,Florence Henderson,21.0,0.0430352659061878,0.3333333333333333
11,5,Florence Henderson,21.0,0.0430352659061878,Percentage,Florence Henderson,21.0,0.0430352659061878,0.3333333333333333
11,5,Florence Henderson,21.0,0.0430352659061878,New_Mechanism,Kyle Massey,20.0,0.1221065052889798,0.2222222222222222
11,6,Audrina Patridge,31.9998,0.0331756483288199,Ranking,Audrina Patridge,31.9998,0.0331756483288199,0.7142785714285717
11,6,Audrina Patridge,31.9998,0.0331756483288199,Percentage,Audrina Patridge,31.9998,0.0331756483288199,0.7142785714285717
11,6,Audrina Patridge,31.9998,0.0331756483288199,New_Mechanism,Rick Fox,30.0,0.0985014337492387,0.5714357142857144
11,7,Rick Fox,34.5,0.0686150518045321,Ranking,Rick Fox,34.5,0.0686150518045321,0.5
11,7,Rick Fox,34.5,0.0686150518045321,Percentage,Rick Fox,34.5,0.0686150518045321,0.5
11,7,Rick Fox,34.5,0.0686150518045321,New_Mechanism,Kyle Massey,33.5,0.1481668049658927,0.25
11,8,Kurt Warner,24.0,0.1156379198801283,Ranking,Kurt Warner,24.0,0.1156379198801283,0.1
11,8,Kurt Warner,24.0,0.1156379198801283,Percentage,Kurt Warner,24.0,0.1156379198801283,0.1
11,8,Kurt Warner,24.0,0.1156379198801283,New_Mechanism,Bristol Palin,23.5,0.2238062381639218,0.0
11,9,Brandy,28.5,0.1411446658552258,Ranking,Brandy,28.5,0.1411446658552258,0.5714285714285714
11,9,Brandy,28.5,0.1411446658552258,Percentage,Brandy,28.5,0.1411446658552258,0.5714285714285714
11,9,Brandy,28.5,0.1411446658552258,New_Mechanism,Bristol Palin,26.5,0.2772978844833923,0.0
12,2,Mike Catherwood,17.0,0.0197579211088649,Ranking,Mike Catherwood,17.0,0.0197579211088649,0.0
12,2,Mike Catherwood,17.0,0.0197579211088649,Percentage,Mike Catherwood,17.0,0.0197579211088649,0.0
12,2,Mike Catherwood,17.0,0.0197579211088649,New_Mechanism,Mike Catherwood,17.0,0.0197579211088649,0.0
12,3,Wendy Williams,15.0,0.0357903984732052,Ranking,Wendy Williams,15.0,0.0357903984732052,0.0
12,3,Wendy Williams,15.0,0.0357903984732052,Percentage,Wendy Williams,15.0,0.0357903984732052,0.0
12,3,Wendy Williams,15.0,0.0357903984732052,New_Mechanism,Wendy Williams,15.0,0.0357903984732052,0.0
12,4,Sugar Ray Leonard,21.0,0.0437348730352677,Ranking,Sugar Ray Leonard,21.0,0.0437348730352677,0.375
12,4,Sugar Ray Leonard,21.0,0.0437348730352677,Percentage,Sugar Ray Leonard,21.0,0.0437348730352677,0.375
12,4,Sugar Ray Leonard,21.0,0.0437348730352677,New_Mechanism,Kendra Wilkinson,18.0,0.10996251122043,0.0
12,5,Petra Nemcova,22.0,0.03901965771886,Ranking,Petra Nemcova,22.0,0.03901965771886,0.0
12,5,Petra Nemcova,22.0,0.03901965771886,Percentage,Petra Nemcova,22.0,0.03901965771886,0.0
12,5,Petra Nemcova,22.0,0.03901965771886,New_Mechanism,Petra Nemcova,22.0,0.03901965771886,0.0
12,6,Chris Jericho,22.0,0.065194738330807,Ranking,Chris Jericho,22.0,0.065194738330807,0.0
12,6,Chris Jericho,22.0,0.065194738330807,Percentage,Chris Jericho,22.0,0.065194738330807,0.0
12,6,Chris Jericho,22.0,0.065194738330807,New_Mechanism,Chris Jericho,22.0,0.065194738330807,0.0
12,7,Kendra Wilkinson,30.5,0.0662304127418313,Ranking,Kendra Wilkinson,30.5,0.0662304127418313,0.16666666666666666
12,7,Kendra Wilkinson,30.5,0.0662304127418313,Percentage,Kendra Wilkinson,30.5,0.0662304127418313,0.16666666666666666
12,7,Kendra Wilkinson,30.5,0.0662304127418313,New_Mechanism,Romeo,30.0,0.1648649127912655,0.0
12,8,Romeo,26.0,0.1045337678397548,Ranking,Romeo,26.0,0.1045337678397548,0.6666666666666666
12,8,Romeo,26.0,0.1045337678397548,Percentage,Romeo,26.0,0.1045337678397548,0.6666666666666666
12,8,Romeo,26.0,0.1045337678397548,New_Mechanism,Ralph Macchio,23.0,0.2089749778901357,0.0
12,9,Ralph Macchio,24.0,0.1476203372852817,Ranking,Ralph Macchio,24.0,0.1476203372852817,0.0
12,9,Ralph Macchio,24.0,0.1476203372852817,Percentage,Ralph Macchio,24.0,0.1476203372852817,0.0
12,9,Ralph Macchio,24.0,0.1476203372852817,New_Mechanism,Ralph Macchio,24.0,0.1476203372852817,0.0
13,1,Metta World Peace (Ron),14.0,0.0231636730431807,Ranking,Metta World Peace (Ron),14.0,0.0231636730431807,0.0
13,1,Metta World Peace (Ron),14.0,0.0231636730431807,Percentage,Metta World Peace (Ron),14.0,0.0231636730431807,0.0
13,1,Metta World Peace (Ron),14.0,0.0231636730431807,New_Mechanism,Metta World Peace (Ron),14.0,0.0231636730431807,0.0
13,2,Elisabetta Canalis,21.0,0.0114256442480462,Ranking,Elisabetta Canalis,21.0,0.0114256442480462,0.6666666666666666
13,2,Elisabetta Canalis,21.0,0.0114256442480462,Percentage,Elisabetta Canalis,21.0,0.0114256442480462,0.6666666666666666
13,2,Elisabetta Canalis,21.0,0.0114256442480462,New_Mechanism,Elisabetta Canalis,21.0,0.0114256442480462,0.6666666666666666
13,3,Kristin Cavallari,24.0,0.0303178740647199,Ranking,Kristin Cavallari,24.0,0.0303178740647199,0.6666666666666666
13,3,Kristin Cavallari,24.0,0.0303178740647199,Percentage,Kristin Cavallari,24.0,0.0303178740647199,0.6666666666666666
13,3,Kristin Cavallari,24.0,0.0303178740647199,New_Mechanism,Kristin Cavallari,24.0,0.0303178740647199,0.6666666666666666
13,4,Chynna Phillips,21.0,0.0337159049901157,Ranking,Chynna Phillips,21.0,0.0337159049901157,0.1111111111111111
13,4,Chynna Phillips,21.0,0.0337159049901157,Percentage,Chynna Phillips,21.0,0.0337159049901157,0.1111111111111111
13,4,Chynna Phillips,21.0,0.0337159049901157,New_Mechanism,Chynna Phillips,21.0,0.0337159049901157,0.1111111111111111
13,5,Carson Kressley,19.0,0.065704121919593,Ranking,Carson Kressley,19.0,0.065704121919593,0.0
13,5,Carson Kressley,19.0,0.065704121919593,Percentage,Carson Kressley,19.0,0.065704121919593,0.0
13,5,Carson Kressley,19.0,0.065704121919593,New_Mechanism,Carson Kressley,19.0,0.065704121919593,0.0
13,6,Chaz Bono,19.0,0.0698487787880887,Ranking,Chaz Bono,19.0,0.0698487787880887,0.0
13,6,Chaz Bono,19.0,0.0698487787880887,Percentage,Chaz Bono,19.0,0.0698487787880887,0.0
13,6,Chaz Bono,19.0,0.0698487787880887,New_Mechanism,Chaz Bono,19.0,0.0698487787880887,0.0
13,7,David Arquette,23.5,0.0777036988429753,Ranking,David Arquette,23.5,0.0777036988429753,0.3333333333333333
13,7,David Arquette,23.5,0.0777036988429753,Percentage,David Arquette,23.5,0.0777036988429753,0.3333333333333333
13,7,David Arquette,23.5,0.0777036988429753,New_Mechanism,Nancy Grace,22.0,0.1724236021178203,0.0
13,8,Nancy Grace,22.0,0.109819942567584,Ranking,Nancy Grace,22.0,0.109819942567584,0.0
13,8,Nancy Grace,22.0,0.109819942567584,Percentage,Nancy Grace,22.0,0.109819942567584,0.0
13,8,Nancy Grace,22.0,0.109819942567584,New_Mechanism,Nancy Grace,22.0,0.109819942567584,0.0
13,9,Hope Solo,24.4998,0.1421338752108021,Ranking,Hope Solo,24.4998,0.1421338752108021,0.0
13,9,Hope Solo,24.4998,0.1421338752108021,Percentage,Hope Solo,24.4998,0.1421338752108021,0.0
13,9,Hope Solo,24.4998,0.1421338752108021,New_Mechanism,Hope Solo,24.4998,0.1421338752108021,0.0
14,2,Martina Navratilova,17.0,0.0231538051035195,Ranking,Martina Navratilova,17.0,0.0231538051035195,0.0
14,2,Martina Navratilova,17.0,0.0231538051035195,Percentage,Martina Navratilova,17.0,0.0231538051035195,0.0
14,2,Martina Navratilova,17.0,0.0231538051035195,New_Mechanism,Martina Navratilova,17.0,0.0231538051035195,0.0
14,3,Jack Wagner,24.0,0.0198273419484842,Ranking,Jack Wagner,24.0,0.0198273419484842,0.0
14,3,Jack Wagner,24.0,0.0198273419484842,Percentage,Jack Wagner,24.0,0.0198273419484842,0.0
14,3,Jack Wagner,24.0,0.0198273419484842,New_Mechanism,Jack Wagner,24.0,0.0198273419484842,0.0
14,4,Sherri Sheperd,21.0,0.0361379884680031,Ranking,Sherri Sheperd,21.0,0.0361379884680031,0.14285714285714285
14,4,Sherri Sheperd,21.0,0.0361379884680031,Percentage,Sherri Sheperd,21.0,0.0361379884680031,0.14285714285714285
14,4,Sherri Sheperd,21.0,0.0361379884680031,New_Mechanism,Gladys Knight,20.0,0.0949257055997357,0.0
14,5,Gavin DeGraw,19.0,0.0380170287381728,Ranking,Gavin DeGraw,19.0,0.0380170287381728,0.0
14,5,Gavin DeGraw,19.0,0.0380170287381728,Percentage,Gavin DeGraw,19.0,0.0380170287381728,0.0
14,5,Gavin DeGraw,19.0,0.0380170287381728,New_Mechanism,Gavin DeGraw,19.0,0.0380170287381728,0.0
14,6,Gladys Knight,24.0,0.0482581972444505,Ranking,Gladys Knight,24.0,0.0482581972444505,0.0
14,6,Gladys Knight,24.0,0.0482581972444505,Percentage,Gladys Knight,24.0,0.0482581972444505,0.0
14,6,Gladys Knight,24.0,0.0482581972444505,New_Mechanism,Gladys Knight,24.0,0.0482581972444505,0.0
14,7,Jaleel White,25.5,0.064682794005633,Ranking,Jaleel White,25.5,0.064682794005633,0.4
14,7,Jaleel White,25.5,0.064682794005633,Percentage,Jaleel White,25.5,0.064682794005633,0.4
14,7,Jaleel White,25.5,0.064682794005633,New_Mechanism,Melissa Gilbert,23.5,0.1380023658741538,0.0
14,8,Roshon Fegan,28.0,0.0836016690517557,Ranking,Melissa Gilbert,25.5,0.0976437224242383,0.0
14,8,Roshon Fegan,28.0,0.0836016690517557,Percentage,Melissa Gilbert,25.5,0.0976437224242383,0.0
14,8,Roshon Fegan,28.0,0.0836016690517557,New_Mechanism,Melissa Gilbert,25.5,0.0976437224242383,0.0
14,9,Maria Menounos,29.5,0.146882018221953,Ranking,Maria Menounos,29.5,0.146882018221953,1.0
14,9,Maria Menounos,29.5,0.146882018221953,Percentage,Maria Menounos,29.5,0.146882018221953,1.0
14,9,Maria Menounos,29.5,0.146882018221953,New_Mechanism,William Levy,29.0,0.1989111824008768,0.6666666666666666
15,1,Pamela Anderson,17.0,0.021052304859808,Ranking,Pamela Anderson,17.0,0.021052304859808,0.0
15,1,Pamela Anderson,17.0,0.021052304859808,Percentage,Pamela Anderson,17.0,0.021052304859808,0.0
15,1,Pamela Anderson,17.0,0.021052304859808,New_Mechanism,Pamela Anderson,17.0,0.021052304859808,0.0
15,2,Joey Fatone,22.5,0.0202493380417554,Ranking,Joey Fatone,22.5,0.0202493380417554,0.5625
15,2,Joey Fatone,22.5,0.0202493380417554,Percentage,Joey Fatone,22.5,0.0202493380417554,0.5625
15,2,Joey Fatone,22.5,0.0202493380417554,New_Mechanism,Joey Fatone,22.5,0.0202493380417554,0.5625
15,3,Helio Castroneves,25.5,0.0218622419535732,Ranking,Drew Lachey,24.0,0.0485268609525965,0.3333333333333333
15,3,Helio Castroneves,25.5,0.0218622419535732,Percentage,Helio Castroneves,25.5,0.0218622419535732,0.6666666666666666
15,3,Helio Castroneves,25.5,0.0218622419535732,New_Mechanism,Drew Lachey,24.0,0.0485268609525965,0.3333333333333333
15,4,Bristol Palin,32.0,0.0455480925374929,Ranking,Bristol Palin,32.0,0.0455480925374929,0.21052631578947367
15,4,Bristol Palin,32.0,0.0455480925374929,Percentage,Bristol Palin,32.0,0.0455480925374929,0.21052631578947367
15,4,Bristol Palin,32.0,0.0455480925374929,New_Mechanism,Kirstie Alley,30.0,0.1152637013551838,0.0
15,6,Sabrina Bryan,30.0,0.1564895091127831,Ranking,Kelly Monaco,27.0,0.0925561064166928,0.14285714285714285
15,6,Sabrina Bryan,30.0,0.1564895091127831,Percentage,Kelly Monaco,27.0,0.0925561064166928,0.14285714285714285
15,6,Sabrina Bryan,30.0,0.1564895091127831,New_Mechanism,Emmitt Smith,26.5,0.1068356162146165,0.0
15,8,Gilles Marini,29.2777,0.0596620300351846,Ranking,Kirstie Alley,25.5,0.0893722242234269,0.0
15,8,Gilles Marini,29.2777,0.0596620300351846,Percentage,Gilles Marini,29.2777,0.0596620300351846,0.8394888888888887
15,8,Gilles Marini,29.2777,0.0596620300351846,New_Mechanism,Kirstie Alley,25.5,0.0893722242234269,0.0
15,9,Apolo Anton Ohno,28.611,0.1143066767212358,Ranking,Emmitt Smith,27.0,0.1181928724747502,0.0
15,9,Apolo Anton Ohno,28.611,0.1143066767212358,Percentage,Emmitt Smith,27.0,0.1181928724747502,0.0
15,9,Apolo Anton Ohno,28.611,0.1143066767212358,New_Mechanism,Emmitt Smith,27.0,0.1181928724747502,0.0
16,3,Wynonna Judd,15.0,0.0282248546866478,Ranking,Wynonna Judd,15.0,0.0282248546866478,0.5769275148270371
16,3,Wynonna Judd,15.0,0.0282248546866478,Percentage,Dorothy Hamill,0.0,0.0715593209447937,0.0
16,3,Wynonna Judd,15.0,0.0282248546866478,New_Mechanism,Dorothy Hamill,0.0,0.0715593209447937,0.0
16,4,Lisa Vanderpump,18.0,0.0312915617566748,Ranking,Lisa Vanderpump,18.0,0.0312915617566748,0.6666666666666666
16,4,Lisa Vanderpump,18.0,0.0312915617566748,Percentage,Dorothy Hamill,0.0,0.0887015165302338,0.0
16,4,Lisa Vanderpump,18.0,0.0312915617566748,New_Mechanism,Dorothy Hamill,0.0,0.0887015165302338,0.0
16,5,D. L. Hughley,18.0,0.0352462244267494,Ranking,Dorothy Hamill,0.0,0.0992657927295462,0.0
16,5,D. L. Hughley,18.0,0.0352462244267494,Percentage,Dorothy Hamill,0.0,0.0992657927295462,0.0
16,5,D. L. Hughley,18.0,0.0352462244267494,New_Mechanism,Dorothy Hamill,0.0,0.0992657927295462,0.0
16,6,Victor Ortiz,20.0,0.0457450002396863,Ranking,Victor Ortiz,20.0,0.0457450002396863,0.7407407407407407
16,6,Victor Ortiz,20.0,0.0457450002396863,Percentage,Dorothy Hamill,0.0,0.1021520717829708,0.0
16,6,Victor Ortiz,20.0,0.0457450002396863,New_Mechanism,Dorothy Hamill,0.0,0.1021520717829708,0.0
16,7,Andy Dick,17.0,0.0537402935935803,Ranking,Andy Dick,17.0,0.0537402935935803,0.53125
16,7,Andy Dick,17.0,0.0537402935935803,Percentage,Dorothy Hamill,0.0,0.1176217341731301,0.0
16,7,Andy Dick,17.0,0.0537402935935803,New_Mechanism,Dorothy Hamill,0.0,0.1176217341731301,0.0
16,8,Sean Lowe,21.0,0.0695280271650925,Ranking,Sean Lowe,21.0,0.0695280271650925,0.7241379310344828
16,8,Sean Lowe,21.0,0.0695280271650925,Percentage,Dorothy Hamill,0.0,0.1382810346873557,0.0
16,8,Sean Lowe,21.0,0.0695280271650925,New_Mechanism,Dorothy Hamill,0.0,0.1382810346873557,0.0
16,9,Ingo Rademacher,25.5,0.08654898999058,Ranking,Ingo Rademacher,25.5,0.08654898999058,0.864406779661017
16,9,Ingo Rademacher,25.5,0.08654898999058,Percentage,Dorothy Hamill,0.0,0.1662389699743992,0.0
16,9,Ingo Rademacher,25.5,0.08654898999058,New_Mechanism,Dorothy Hamill,0.0,0.1662389699743992,0.0
16,10,Alexandra Raisman,29.0,0.111775903728311,Ranking,Alexandra Raisman,29.0,0.111775903728311,0.9666666666666667
16,10,Alexandra Raisman,29.0,0.111775903728311,Percentage,Dorothy Hamill,0.0,0.236988616928939,0.0
16,10,Alexandra Raisman,29.0,0.111775903728311,New_Mechanism,Dorothy Hamill,0.0,0.236988616928939,0.0
17,2,Keyshawn Johnson,18.0,0.0205829091179612,Ranking,Keyshawn Johnson,18.0,0.0205829091179612,0.1111111111111111
17,2,Keyshawn Johnson,18.0,0.0205829091179612,Percentage,Keyshawn Johnson,18.0,0.0205829091179612,0.1111111111111111
17,2,Keyshawn Johnson,18.0,0.0205829091179612,New_Mechanism,Bill Nye,17.0,0.0691429179328162,0.0
17,3,Bill Nye,16.0,0.0253804713950345,Ranking,Bill Nye,16.0,0.0253804713950345,0.0
17,3,Bill Nye,16.0,0.0253804713950345,Percentage,Bill Nye,16.0,0.0253804713950345,0.0
17,3,Bill Nye,16.0,0.0253804713950345,New_Mechanism,Bill Nye,16.0,0.0253804713950345,0.0
17,4,Valerie Harper,18.0,0.0371908731759835,Ranking,Valerie Harper,18.0,0.0371908731759835,0.0
17,4,Valerie Harper,18.0,0.0371908731759835,Percentage,Valerie Harper,18.0,0.0371908731759835,0.0
17,4,Valerie Harper,18.0,0.0371908731759835,New_Mechanism,Valerie Harper,18.0,0.0371908731759835,0.0
17,5,Christina Milian,28.0,0.1245910164084457,Ranking,Leah Remini,22.0,0.0790711358544008,0.0
17,5,Christina Milian,28.0,0.1245910164084457,Percentage,Leah Remini,22.0,0.0790711358544008,0.0
17,5,Christina Milian,28.0,0.1245910164084457,New_Mechanism,Leah Remini,22.0,0.0790711358544008,0.0
17,7,"Nicole ""Snooki"" Polizzi",27.0,0.0485100411811637,Ranking,"Nicole ""Snooki"" Polizzi",27.0,0.0485100411811637,0.4444444444444444
17,7,"Nicole ""Snooki"" Polizzi",27.0,0.0485100411811637,Percentage,"Nicole ""Snooki"" Polizzi",27.0,0.0485100411811637,0.4444444444444444
17,7,"Nicole ""Snooki"" Polizzi",27.0,0.0485100411811637,New_Mechanism,"Nicole ""Snooki"" Polizzi",27.0,0.0485100411811637,0.4444444444444444
17,8,Brant Daugherty,27.0,0.0620579498460334,Ranking,Brant Daugherty,27.0,0.0620579498460334,0.5
17,8,Brant Daugherty,27.0,0.0620579498460334,Percentage,Brant Daugherty,27.0,0.0620579498460334,0.5
17,8,Brant Daugherty,27.0,0.0620579498460334,New_Mechanism,Elizabeth Berkley Lauren,25.0,0.1433232064362743,0.16666666666666666
17,9,Elizabeth Berkley Lauren,28.0,0.0717716729895994,Ranking,Elizabeth Berkley Lauren,28.0,0.0717716729895994,0.875
17,9,Elizabeth Berkley Lauren,28.0,0.0717716729895994,Percentage,Elizabeth Berkley Lauren,28.0,0.0717716729895994,0.875
17,9,Elizabeth Berkley Lauren,28.0,0.0717716729895994,New_Mechanism,Leah Remini,27.0,0.1522303942102852,0.75
17,10,Leah Remini,32.5,0.0957037522426265,Ranking,Leah Remini,32.5,0.0957037522426265,0.2631578947368421
17,10,Leah Remini,32.5,0.0957037522426265,Percentage,Leah Remini,32.5,0.0957037522426265,0.2631578947368421
17,10,Leah Remini,32.5,0.0957037522426265,New_Mechanism,Bill Engvall,30.0,0.22554988624013,0.0
17,11,Bill Engvall,25.4999,0.1557925543838769,Ranking,Bill Engvall,25.4999,0.1557925543838769,0.0
17,11,Bill Engvall,25.4999,0.1557925543838769,Percentage,Bill Engvall,25.4999,0.1557925543838769,0.0
17,11,Bill Engvall,25.4999,0.1557925543838769,New_Mechanism,Bill Engvall,25.4999,0.1557925543838769,0.0
18,2,Sean Avery,21.0,0.0279245670775485,Ranking,Diana Nyad,0.0,0.0342582514349608,0.0
18,2,Sean Avery,21.0,0.0279245670775485,Percentage,Diana Nyad,0.0,0.0342582514349608,0.0
18,2,Sean Avery,21.0,0.0279245670775485,New_Mechanism,Diana Nyad,0.0,0.0342582514349608,0.0
18,5,Cody Simpson,34.0,0.0388697800580118,Ranking,Billy Dee Williams,0.0,0.0976530946321199,0.0
18,5,Cody Simpson,34.0,0.0388697800580118,Percentage,Billy Dee Williams,0.0,0.0976530946321199,0.0
18,5,Cody Simpson,34.0,0.0388697800580118,New_Mechanism,Billy Dee Williams,0.0,0.0976530946321199,0.0
18,6,Drew Carey,32.0,0.0474620972760337,Ranking,Drew Carey,32.0,0.0474620972760337,0.8
18,6,Drew Carey,32.0,0.0474620972760337,Percentage,Billy Dee Williams,0.0,0.1147866404659832,0.0
18,6,Drew Carey,32.0,0.0474620972760337,New_Mechanism,Billy Dee Williams,0.0,0.1147866404659832,0.0
18,7,NeNe Leakes,33.0,0.0588755497140499,Ranking,NeNe Leakes,33.0,0.0588755497140499,0.8461538461538461
18,7,NeNe Leakes,33.0,0.0588755497140499,Percentage,Billy Dee Williams,0.0,0.1192752023955133,0.0
18,7,NeNe Leakes,33.0,0.0588755497140499,New_Mechanism,Billy Dee Williams,0.0,0.1192752023955133,0.0
18,8,Danica McKellar,38.0,0.0601637770105779,Ranking,Danica McKellar,38.0,0.0601637770105779,0.95
18,8,Danica McKellar,38.0,0.0601637770105779,Percentage,Billy Dee Williams,0.0,0.1982972590688231,0.0
18,8,Danica McKellar,38.0,0.0601637770105779,New_Mechanism,Billy Dee Williams,0.0,0.1982972590688231,0.0
18,9,Charlie White,38.0,0.0781783696159822,Ranking,Charlie White,38.0,0.0781783696159822,0.95
18,9,Charlie White,38.0,0.0781783696159822,Percentage,Billy Dee Williams,0.0,0.2242024194357771,0.0
18,9,Charlie White,38.0,0.0781783696159822,New_Mechanism,Billy Dee Williams,0.0,0.2242024194357771,0.0
18,10,James Maslow,29.0,0.103811060581128,Ranking,James Maslow,29.0,0.103811060581128,0.9666666666666667
18,10,James Maslow,29.0,0.103811060581128,Percentage,Billy Dee Williams,0.0,0.2460106295522122,0.0
18,10,James Maslow,29.0,0.103811060581128,New_Mechanism,Billy Dee Williams,0.0,0.2460106295522122,0.0
19,1,Lolo Jones,22.0,0.0191723443933556,Ranking,Lolo Jones,22.0,0.0191723443933556,0.125
19,1,Lolo Jones,22.0,0.0191723443933556,Percentage,Lolo Jones,22.0,0.0191723443933556,0.125
19,1,Lolo Jones,22.0,0.0191723443933556,New_Mechanism,Betsey Johnson,20.0,0.070185023056199,0.0
19,2,Tavis Smiley,28.0,0.0207859561041409,Ranking,Tavis Smiley,28.0,0.0207859561041409,0.36363636363636365
19,2,Tavis Smiley,28.0,0.0207859561041409,Percentage,Tavis Smiley,28.0,0.0207859561041409,0.36363636363636365
19,2,Tavis Smiley,28.0,0.0207859561041409,New_Mechanism,Tavis Smiley,28.0,0.0207859561041409,0.36363636363636365
19,3,Randy Couture,26.0,0.0312386746301317,Ranking,Randy Couture,26.0,0.0312386746301317,0.0
19,3,Randy Couture,26.0,0.0312386746301317,Percentage,Randy Couture,26.0,0.0312386746301317,0.0
19,3,Randy Couture,26.0,0.0312386746301317,New_Mechanism,Randy Couture,26.0,0.0312386746301317,0.0
19,4,Betsey Johnson,29.0,0.0271123305343287,Ranking,Betsey Johnson,29.0,0.0271123305343287,0.3125
19,4,Betsey Johnson,29.0,0.0271123305343287,Percentage,Betsey Johnson,29.0,0.0271123305343287,0.3125
19,4,Betsey Johnson,29.0,0.0271123305343287,New_Mechanism,Betsey Johnson,29.0,0.0271123305343287,0.3125
19,6,Jonathan Bennett,32.0,0.0332802363728868,Ranking,Jonathan Bennett,32.0,0.0332802363728868,0.36363636363636365
19,6,Jonathan Bennett,32.0,0.0332802363728868,Percentage,Jonathan Bennett,32.0,0.0332802363728868,0.36363636363636365
19,6,Jonathan Bennett,32.0,0.0332802363728868,New_Mechanism,Michael Waltrip,30.0,0.1133408088956445,0.18181818181818182
19,7,Antonio Sabato Jr.,29.5,0.04730485326709,Ranking,Antonio Sabato Jr.,29.5,0.04730485326709,0.15789473684210525
19,7,Antonio Sabato Jr.,29.5,0.04730485326709,Percentage,Antonio Sabato Jr.,29.5,0.04730485326709,0.15789473684210525
19,7,Antonio Sabato Jr.,29.5,0.04730485326709,New_Mechanism,Michael Waltrip,28.0,0.1216538160880546,0.0
19,8,Michael Waltrip,25.0,0.0607416438772773,Ranking,Michael Waltrip,25.0,0.0607416438772773,0.0
19,8,Michael Waltrip,25.0,0.0607416438772773,Percentage,Michael Waltrip,25.0,0.0607416438772773,0.0
19,8,Michael Waltrip,25.0,0.0607416438772773,New_Mechanism,Michael Waltrip,25.0,0.0607416438772773,0.0
19,9,Lea Thompson,35.0,0.0799429417340661,Ranking,Lea Thompson,35.0,0.0799429417340661,0.65
19,9,Lea Thompson,35.0,0.0799429417340661,Percentage,Lea Thompson,35.0,0.0799429417340661,0.65
19,9,Lea Thompson,35.0,0.0799429417340661,New_Mechanism,Tommy Chong,28.5,0.165492743951164,0.0
19,10,Tommy Chong,31.0,0.1031658205010052,Ranking,Tommy Chong,31.0,0.1031658205010052,0.0
19,10,Tommy Chong,31.0,0.1031658205010052,Percentage,Tommy Chong,31.0,0.1031658205010052,0.0
19,10,Tommy Chong,31.0,0.1031658205010052,New_Mechanism,Tommy Chong,31.0,0.1031658205010052,0.0
19,11,Bethany Mota,38.0,0.15332041171891,Ranking,Bethany Mota,38.0,0.15332041171891,0.0
19,11,Bethany Mota,38.0,0.15332041171891,Percentage,Bethany Mota,38.0,0.15332041171891,0.0
19,11,Bethany Mota,38.0,0.15332041171891,New_Mechanism,Bethany Mota,38.0,0.15332041171891,0.0
20,2,Redfoo,31.0,0.0214220046362047,Ranking,Redfoo,31.0,0.0214220046362047,0.7692307692307693
20,2,Redfoo,31.0,0.0214220046362047,Percentage,Redfoo,31.0,0.0214220046362047,0.7692307692307693
20,2,Redfoo,31.0,0.0214220046362047,New_Mechanism,Patti LaBelle,28.0,0.0483307690674761,0.5384615384615384
20,3,Charlotte McKinney,22.0,0.0263790201598755,Ranking,Charlotte McKinney,22.0,0.0263790201598755,0.0
20,3,Charlotte McKinney,22.0,0.0263790201598755,Percentage,Charlotte McKinney,22.0,0.0263790201598755,0.0
20,3,Charlotte McKinney,22.0,0.0263790201598755,New_Mechanism,Charlotte McKinney,22.0,0.0263790201598755,0.0
20,4,Michael Sam,30.0,0.0289566680338497,Ranking,Michael Sam,30.0,0.0289566680338497,0.25
20,4,Michael Sam,30.0,0.0289566680338497,Percentage,Michael Sam,30.0,0.0289566680338497,0.25
20,4,Michael Sam,30.0,0.0289566680338497,New_Mechanism,Michael Sam,30.0,0.0289566680338497,0.25
20,5,Suzanne Somers,28.0,0.0310948467055975,Ranking,Suzanne Somers,28.0,0.0310948467055975,0.26666666666666666
20,5,Suzanne Somers,28.0,0.0310948467055975,Percentage,Suzanne Somers,28.0,0.0310948467055975,0.26666666666666666
20,5,Suzanne Somers,28.0,0.0310948467055975,New_Mechanism,Suzanne Somers,28.0,0.0310948467055975,0.26666666666666666
20,6,Patti LaBelle,34.0,0.0402943690547568,Ranking,Patti LaBelle,34.0,0.0402943690547568,0.1111111111111111
20,6,Patti LaBelle,34.0,0.0402943690547568,Percentage,Patti LaBelle,34.0,0.0402943690547568,0.1111111111111111
20,6,Patti LaBelle,34.0,0.0402943690547568,New_Mechanism,Patti LaBelle,34.0,0.0402943690547568,0.1111111111111111
20,7,Willow Shields,39.0,0.027389299542319,Ranking,Willow Shields,39.0,0.027389299542319,0.8
20,7,Willow Shields,39.0,0.027389299542319,Percentage,Willow Shields,39.0,0.027389299542319,0.8
20,7,Willow Shields,39.0,0.027389299542319,New_Mechanism,Noah Galloway,38.0,0.0984386695198911,0.7
20,8,Robert Herjavec,31.0,0.1166254048605166,Ranking,Robert Herjavec,31.0,0.1166254048605166,0.0
20,8,Robert Herjavec,31.0,0.1166254048605166,Percentage,Chris Soules,32.0,0.1002251189610097,0.1111111111111111
20,8,Robert Herjavec,31.0,0.1166254048605166,New_Mechanism,Robert Herjavec,31.0,0.1166254048605166,0.0
20,9,Nastia Liukin,40.0,0.1346074673039979,Ranking,Nastia Liukin,40.0,0.1346074673039979,1.0
20,9,Nastia Liukin,40.0,0.1346074673039979,Percentage,Nastia Liukin,40.0,0.1346074673039979,1.0
20,9,Nastia Liukin,40.0,0.1346074673039979,New_Mechanism,Nastia Liukin,40.0,0.1346074673039979,1.0
21,2,Victor Espinoza,18.5,0.0202850356165574,Ranking,Chaka Khan,15.0,0.0268562790565568,0.0
21,2,Victor Espinoza,18.5,0.0202850356165574,Percentage,Chaka Khan,15.0,0.0268562790565568,0.0
21,2,Victor Espinoza,18.5,0.0202850356165574,New_Mechanism,Chaka Khan,15.0,0.0268562790565568,0.0
21,4,Gary Busey,16.0,0.0303355257826379,Ranking,Gary Busey,16.0,0.0303355257826379,0.5714285714285714
21,4,Gary Busey,16.0,0.0303355257826379,Percentage,Kim Zolciak-Biermann,0.0,0.0727997568313577,0.0
21,4,Gary Busey,16.0,0.0303355257826379,New_Mechanism,Kim Zolciak-Biermann,0.0,0.0727997568313577,0.0
21,6,Paula Deen,24.0,0.0381361934398554,Ranking,Paula Deen,24.0,0.0381361934398554,0.6
21,6,Paula Deen,24.0,0.0381361934398554,Percentage,Kim Zolciak-Biermann,0.0,0.081218232950989,0.0
21,6,Paula Deen,24.0,0.0381361934398554,New_Mechanism,Kim Zolciak-Biermann,0.0,0.081218232950989,0.0
21,7,Hayes Grier,28.0,0.0343771925766167,Ranking,Hayes Grier,28.0,0.0343771925766167,0.9655172413793104
21,7,Hayes Grier,28.0,0.0343771925766167,Percentage,Hayes Grier,28.0,0.0343771925766167,0.9655172413793104
21,7,Hayes Grier,28.0,0.0343771925766167,New_Mechanism,Hayes Grier,28.0,0.0343771925766167,0.9655172413793104
21,8,Andy Grammer,23.9998,0.0529969163845761,Ranking,Andy Grammer,23.9998,0.0529969163845761,0.7272666666666667
21,8,Andy Grammer,23.9998,0.0529969163845761,Percentage,Kim Zolciak-Biermann,0.0,0.1321815269850326,0.0
21,8,Andy Grammer,23.9998,0.0529969163845761,New_Mechanism,Kim Zolciak-Biermann,0.0,0.1321815269850326,0.0
21,9,Alexa PenaVega,30.0,0.1416191657133726,Ranking,Kim Zolciak-Biermann,0.0,0.1097918515354998,0.0
21,9,Alexa PenaVega,30.0,0.1416191657133726,Percentage,Kim Zolciak-Biermann,0.0,0.1097918515354998,0.0
21,9,Alexa PenaVega,30.0,0.1416191657133726,New_Mechanism,Kim Zolciak-Biermann,0.0,0.1097918515354998,0.0
21,11,Carlos PenaVega,30.0,0.0381255816700359,Ranking,Carlos PenaVega,30.0,0.0381255816700359,1.0
21,11,Carlos PenaVega,30.0,0.0381255816700359,Percentage,Tamar Braxton,0.0,0.2549575957150861,0.0
21,11,Carlos PenaVega,30.0,0.0381255816700359,New_Mechanism,Tamar Braxton,0.0,0.2549575957150861,0.0
22,2,Geraldo Rivera,13.0,0.0225406978991072,Ranking,Geraldo Rivera,13.0,0.0225406978991072,0.0
22,2,Geraldo Rivera,13.0,0.0225406978991072,Percentage,Geraldo Rivera,13.0,0.0225406978991072,0.0
22,2,Geraldo Rivera,13.0,0.0225406978991072,New_Mechanism,Geraldo Rivera,13.0,0.0225406978991072,0.0
22,3,Mischa Barton,18.0,0.0315275038952788,Ranking,Mischa Barton,18.0,0.0315275038952788,0.0
22,3,Mischa Barton,18.0,0.0315275038952788,Percentage,Mischa Barton,18.0,0.0315275038952788,0.0
22,3,Mischa Barton,18.0,0.0315275038952788,New_Mechanism,Mischa Barton,18.0,0.0315275038952788,0.0
22,4,Marla Maples,28.0,0.0335519070271033,Ranking,Marla Maples,28.0,0.0335519070271033,0.3333333333333333
22,4,Marla Maples,28.0,0.0335519070271033,Percentage,Marla Maples,28.0,0.0335519070271033,0.3333333333333333
22,4,Marla Maples,28.0,0.0335519070271033,New_Mechanism,Doug Flutie,24.0,0.0986090347393833,0.0
22,6,Doug Flutie,21.0,0.0469291351517887,Ranking,Doug Flutie,21.0,0.0469291351517887,0.0
22,6,Doug Flutie,21.0,0.0469291351517887,Percentage,Doug Flutie,21.0,0.0469291351517887,0.0
22,6,Doug Flutie,21.0,0.0469291351517887,New_Mechanism,Doug Flutie,21.0,0.0469291351517887,0.0
22,7,Kim Fields,26.0,0.049945315420965,Ranking,Kim Fields,26.0,0.049945315420965,0.2
22,7,Kim Fields,26.0,0.049945315420965,Percentage,Kim Fields,26.0,0.049945315420965,0.2
22,7,Kim Fields,26.0,0.049945315420965,New_Mechanism,Kim Fields,26.0,0.049945315420965,0.2
22,8,Jodie Sweetin,30.0,0.0510466592025276,Ranking,Jodie Sweetin,30.0,0.0510466592025276,1.0
22,8,Jodie Sweetin,30.0,0.0510466592025276,Percentage,Jodie Sweetin,30.0,0.0510466592025276,1.0
22,8,Jodie Sweetin,30.0,0.0510466592025276,New_Mechanism,Jodie Sweetin,30.0,0.0510466592025276,1.0
22,9,Antonio Brown,27.5,0.1494672874263603,Ranking,Antonio Brown,27.5,0.1494672874263603,0.0
22,9,Antonio Brown,27.5,0.1494672874263603,Percentage,Wanya Morris,30.0,0.1305859548208321,1.0
22,9,Antonio Brown,27.5,0.1494672874263603,New_Mechanism,Antonio Brown,27.5,0.1494672874263603,0.0
23,2,Jake T. Austin,24.0,0.0178585866152599,Ranking,Jake T. Austin,24.0,0.0178585866152599,0.2
23,2,Jake T. Austin,24.0,0.0178585866152599,Percentage,Jake T. Austin,24.0,0.0178585866152599,0.2
23,2,Jake T. Austin,24.0,0.0178585866152599,New_Mechanism,Jake T. Austin,24.0,0.0178585866152599,0.2
23,3,Rick Perry,23.0,0.0235498246965173,Ranking,Rick Perry,23.0,0.0235498246965173,0.0
23,3,Rick Perry,23.0,0.0235498246965173,Percentage,Rick Perry,23.0,0.0235498246965173,0.0
23,3,Rick Perry,23.0,0.0235498246965173,New_Mechanism,Rick Perry,23.0,0.0235498246965173,0.0
23,4,Babyface,18.0,0.0490087500350939,Ranking,Babyface,18.0,0.0490087500350939,0.0
23,4,Babyface,18.0,0.0490087500350939,Percentage,Vanilla Ice,23.0,0.0263095359838963,0.4166666666666667
23,4,Babyface,18.0,0.0490087500350939,New_Mechanism,Babyface,18.0,0.0490087500350939,0.0
23,6,Amber Rose,28.0,0.0387995987199007,Ranking,Amber Rose,28.0,0.0387995987199007,0.0
23,6,Amber Rose,28.0,0.0387995987199007,Percentage,Amber Rose,28.0,0.0387995987199007,0.0
23,6,Amber Rose,28.0,0.0387995987199007,New_Mechanism,Amber Rose,28.0,0.0387995987199007,0.0
23,7,Maureen McCormick,33.0,0.0448335327228757,Ranking,Maureen McCormick,33.0,0.0448335327228757,0.2
23,7,Maureen McCormick,33.0,0.0448335327228757,Percentage,Maureen McCormick,33.0,0.0448335327228757,0.2
23,7,Maureen McCormick,33.0,0.0448335327228757,New_Mechanism,Maureen McCormick,33.0,0.0448335327228757,0.2
23,8,Ryan Lochte,26.0,0.0542801120450923,Ranking,Ryan Lochte,26.0,0.0542801120450923,0.25000416673611225
23,8,Ryan Lochte,26.0,0.0542801120450923,Percentage,Ryan Lochte,26.0,0.0542801120450923,0.25000416673611225
23,8,Ryan Lochte,26.0,0.0542801120450923,New_Mechanism,Terra Jole,24.0,0.1262889494995781,0.08333472224537075
23,9,Marilu Henner,36.0,0.0790378690693924,Ranking,Marilu Henner,36.0,0.0790378690693924,0.0
23,9,Marilu Henner,36.0,0.0790378690693924,Percentage,Marilu Henner,36.0,0.0790378690693924,0.0
23,9,Marilu Henner,36.0,0.0790378690693924,New_Mechanism,Marilu Henner,36.0,0.0790378690693924,0.0
23,10,Terra Jole,30.0,0.058325954504013,Ranking,Terra Jole,30.0,0.058325954504013,1.0
23,10,Terra Jole,30.0,0.058325954504013,Percentage,Terra Jole,30.0,0.058325954504013,1.0
23,10,Terra Jole,30.0,0.058325954504013,New_Mechanism,Terra Jole,30.0,0.058325954504013,1.0
23,11,Jana Kramer,35.5,0.1758515989851285,Ranking,Jana Kramer,35.5,0.1758515989851285,0.0
23,11,Jana Kramer,35.5,0.1758515989851285,Percentage,Jana Kramer,35.5,0.1758515989851285,0.0
23,11,Jana Kramer,35.5,0.1758515989851285,New_Mechanism,Jana Kramer,35.5,0.1758515989851285,0.0
24,2,Chris Kattan,22.0,0.02011003320415,Ranking,Chris Kattan,22.0,0.02011003320415,0.0
24,2,Chris Kattan,22.0,0.02011003320415,Percentage,Chris Kattan,22.0,0.02011003320415,0.0
24,2,Chris Kattan,22.0,0.02011003320415,New_Mechanism,Chris Kattan,22.0,0.02011003320415,0.0
24,3,Charo,24.0,0.0221740162569334,Ranking,Charo,24.0,0.0221740162569334,0.0
24,3,Charo,24.0,0.0221740162569334,Percentage,Charo,24.0,0.0221740162569334,0.0
24,3,Charo,24.0,0.0221740162569334,New_Mechanism,Charo,24.0,0.0221740162569334,0.0
24,4,Mr. T,28.0,0.0338343019490417,Ranking,Mr. T,28.0,0.0338343019490417,0.0
24,4,Mr. T,28.0,0.0338343019490417,Percentage,Mr. T,28.0,0.0338343019490417,0.0
24,4,Mr. T,28.0,0.0338343019490417,New_Mechanism,Mr. T,28.0,0.0338343019490417,0.0
24,5,Erika Jayne,32.0,0.0370809842471683,Ranking,Erika Jayne,32.0,0.0370809842471683,0.3
24,5,Erika Jayne,32.0,0.0370809842471683,Percentage,Erika Jayne,32.0,0.0370809842471683,0.3
24,5,Erika Jayne,32.0,0.0370809842471683,New_Mechanism,Bonner Bolton,30.0,0.1119047431477612,0.1
24,6,Heather Morris,37.0,0.0270308321622403,Ranking,Heather Morris,37.0,0.0270308321622403,1.0
24,6,Heather Morris,37.0,0.0270308321622403,Percentage,Heather Morris,37.0,0.0270308321622403,1.0
24,6,Heather Morris,37.0,0.0270308321622403,New_Mechanism,Normani,36.0,0.0340182401142367,0.8461538461538461
24,7,Nancy Kerrigan,36.0,0.0616578687556667,Ranking,Nancy Kerrigan,36.0,0.0616578687556667,0.45454545454545453
24,7,Nancy Kerrigan,36.0,0.0616578687556667,Percentage,Nancy Kerrigan,36.0,0.0616578687556667,0.45454545454545453
24,7,Nancy Kerrigan,36.0,0.0616578687556667,New_Mechanism,Nick Viall,34.0,0.108385632201518,0.2727272727272727
24,8,Bonner Bolton,29.0,0.1191726385252833,Ranking,Bonner Bolton,29.0,0.1191726385252833,0.0
24,8,Bonner Bolton,29.0,0.1191726385252833,Percentage,Bonner Bolton,29.0,0.1191726385252833,0.0
24,8,Bonner Bolton,29.0,0.1191726385252833,New_Mechanism,Bonner Bolton,29.0,0.1191726385252833,0.0
24,9,Simone Biles,40.0,0.1351612431973884,Ranking,Simone Biles,40.0,0.1351612431973884,1.0
24,9,Simone Biles,40.0,0.1351612431973884,Percentage,Simone Biles,40.0,0.1351612431973884,1.0
24,9,Simone Biles,40.0,0.1351612431973884,New_Mechanism,Rashad Jennings,38.5,0.1980325326482511,0.7
25,2,Barbara Corcoran,17.0,0.0293151553654776,Ranking,Barbara Corcoran,17.0,0.0293151553654776,0.0
25,2,Barbara Corcoran,17.0,0.0293151553654776,Percentage,Barbara Corcoran,17.0,0.0293151553654776,0.0
25,2,Barbara Corcoran,17.0,0.0293151553654776,New_Mechanism,Barbara Corcoran,17.0,0.0293151553654776,0.0
25,4,Derek Fisher,23.0,0.0410360727813644,Ranking,Derek Fisher,23.0,0.0410360727813644,0.14285714285714285
25,4,Derek Fisher,23.0,0.0410360727813644,Percentage,Derek Fisher,23.0,0.0410360727813644,0.14285714285714285
25,4,Derek Fisher,23.0,0.0410360727813644,New_Mechanism,Derek Fisher,23.0,0.0410360727813644,0.14285714285714285
25,5,Sasha Pieterse,24.0,0.0306854110881987,Ranking,Sasha Pieterse,24.0,0.0306854110881987,0.25
25,5,Sasha Pieterse,24.0,0.0306854110881987,Percentage,Sasha Pieterse,24.0,0.0306854110881987,0.25
25,5,Sasha Pieterse,24.0,0.0306854110881987,New_Mechanism,Sasha Pieterse,24.0,0.0306854110881987,0.25
25,6,Nick Lachey,26.0,0.045061595001663,Ranking,Nick Lachey,26.0,0.045061595001663,0.0
25,6,Nick Lachey,26.0,0.045061595001663,Percentage,Nick Lachey,26.0,0.045061595001663,0.0
25,6,Nick Lachey,26.0,0.045061595001663,New_Mechanism,Nick Lachey,26.0,0.045061595001663,0.0
25,7,Nikki Bella,24.0,0.0703935226552829,Ranking,Nikki Bella,24.0,0.0703935226552829,0.0
25,7,Nikki Bella,24.0,0.0703935226552829,Percentage,Vanessa Lachey,27.0,0.0496574395854801,0.5
25,7,Nikki Bella,24.0,0.0703935226552829,New_Mechanism,Nikki Bella,24.0,0.0703935226552829,0.0
25,8,Terrell Owens,25.5,0.0700075243089356,Ranking,Terrell Owens,25.5,0.0700075243089356,0.3076923076923077
25,8,Terrell Owens,25.5,0.0700075243089356,Percentage,Terrell Owens,25.5,0.0700075243089356,0.3076923076923077
25,8,Terrell Owens,25.5,0.0700075243089356,New_Mechanism,Victoria Arlen,24.0,0.1551139208156424,0.07692307692307693
25,9,Victoria Arlen,28.0,0.0961617110120603,Ranking,Victoria Arlen,28.0,0.0961617110120603,0.8
25,9,Victoria Arlen,28.0,0.0961617110120603,Percentage,Victoria Arlen,28.0,0.0961617110120603,0.8
25,9,Victoria Arlen,28.0,0.0961617110120603,New_Mechanism,Frankie Muniz,25.5,0.1991901286150833,0.3
25,10,Drew Scott,37.5,0.1531332026127844,Ranking,Drew Scott,37.5,0.1531332026127844,0.0
25,10,Drew Scott,37.5,0.1531332026127844,Percentage,Drew Scott,37.5,0.1531332026127844,0.0
25,10,Drew Scott,37.5,0.1531332026127844,New_Mechanism,Drew Scott,37.5,0.1531332026127844,0.0
26,1,Jamie Anderson,19.0,0.0343388563169401,Ranking,Jamie Anderson,19.0,0.0343388563169401,0.2857142857142857
26,1,Jamie Anderson,19.0,0.0343388563169401,Percentage,Johnny Damon,18.0,0.0361789137783674,0.14285714285714285
26,1,Jamie Anderson,19.0,0.0343388563169401,New_Mechanism,Johnny Damon,18.0,0.0361789137783674,0.14285714285714285
26,2,Kareem Abdul-Jabbar,29.5,0.0653136356569534,Ranking,Kareem Abdul-Jabbar,29.5,0.0653136356569534,0.0
26,2,Kareem Abdul-Jabbar,29.5,0.0653136356569534,Percentage,Kareem Abdul-Jabbar,29.5,0.0653136356569534,0.0
26,2,Kareem Abdul-Jabbar,29.5,0.0653136356569534,New_Mechanism,Kareem Abdul-Jabbar,29.5,0.0653136356569534,0.0
26,3,Jennie Finch Daigle,29.0,0.1341800706167906,Ranking,Chris Mazdzer,33.0,0.1094626531200921,0.3333333333333333
26,3,Jennie Finch Daigle,29.0,0.1341800706167906,Percentage,Mirai Nagasu,35.0,0.0946020167932623,0.5
26,3,Jennie Finch Daigle,29.0,0.1341800706167906,New_Mechanism,Chris Mazdzer,33.0,0.1094626531200921,0.3333333333333333
27,1,Nikki Glaser,17.5,0.0226938166713202,Ranking,Nikki Glaser,17.5,0.0226938166713202,0.3888888888888889
27,1,Nikki Glaser,17.5,0.0226938166713202,Percentage,Nikki Glaser,17.5,0.0226938166713202,0.3888888888888889
27,1,Nikki Glaser,17.5,0.0226938166713202,New_Mechanism,Joe Amabile,14.0,0.0701862673012886,0.0
27,2,Danelle Umstead,18.5,0.0215209573723819,Ranking,Danelle Umstead,18.5,0.0215209573723819,0.11764705882352941
27,2,Danelle Umstead,18.5,0.0215209573723819,Percentage,Danelle Umstead,18.5,0.0215209573723819,0.11764705882352941
27,2,Danelle Umstead,18.5,0.0215209573723819,New_Mechanism,Joe Amabile,17.5,0.070315042088304,0.0
27,3,Nancy McKeon,22.0,0.0257842357913259,Ranking,Nancy McKeon,22.0,0.0257842357913259,0.3333333333333333
27,3,Nancy McKeon,22.0,0.0257842357913259,Percentage,Nancy McKeon,22.0,0.0257842357913259,0.3333333333333333
27,3,Nancy McKeon,22.0,0.0257842357913259,New_Mechanism,Joe Amabile,18.0,0.0936871312718408,0.0
27,4,Tinashe,26.0,0.1122508716610915,Ranking,Joe Amabile,15.0,0.0703667079798871,0.0
27,4,Tinashe,26.0,0.1122508716610915,Percentage,Joe Amabile,15.0,0.0703667079798871,0.0
27,4,Tinashe,26.0,0.1122508716610915,New_Mechanism,Joe Amabile,15.0,0.0703667079798871,0.0
27,6,Mary Lou Retton,24.0,0.0380011357587064,Ranking,Mary Lou Retton,24.0,0.0380011357587064,0.45454545454545453
27,6,Mary Lou Retton,24.0,0.0380011357587064,Percentage,Mary Lou Retton,24.0,0.0380011357587064,0.45454545454545453
27,6,Mary Lou Retton,24.0,0.0380011357587064,New_Mechanism,Joe Amabile,22.0,0.0946805868656324,0.2727272727272727
27,7,John Schneider,27.0,0.0554949299430815,Ranking,John Schneider,27.0,0.0554949299430815,0.5833333333333334
27,7,John Schneider,27.0,0.0554949299430815,Percentage,John Schneider,27.0,0.0554949299430815,0.5833333333333334
27,7,John Schneider,27.0,0.0554949299430815,New_Mechanism,DeMarcus Ware,26.5,0.0656041067053309,0.5
27,8,Juan Pablo Di Pace,30.0,0.074965050824889,Ranking,Joe Amabile,23.0,0.1323916927248645,0.06666666666666667
27,8,Juan Pablo Di Pace,30.0,0.074965050824889,Percentage,Juan Pablo Di Pace,30.0,0.074965050824889,1.0
27,8,Juan Pablo Di Pace,30.0,0.074965050824889,New_Mechanism,Joe Amabile,23.0,0.1323916927248645,0.06666666666666667
28,2,Mary Wilson,15.0,0.0223402411563841,Ranking,Lamar Odom,12.0,0.076873395098464,0.0
28,2,Mary Wilson,15.0,0.0223402411563841,Percentage,Mary Wilson,15.0,0.0223402411563841,0.25
28,2,Mary Wilson,15.0,0.0223402411563841,New_Mechanism,Lamar Odom,12.0,0.076873395098464,0.0
28,4,Lamar Odom,20.0,0.0309025630850329,Ranking,Lamar Odom,20.0,0.0309025630850329,0.625
28,4,Lamar Odom,20.0,0.0309025630850329,Percentage,Ray Lewis,0.0,0.0757301611198985,0.0
28,4,Lamar Odom,20.0,0.0309025630850329,New_Mechanism,Ray Lewis,0.0,0.0757301611198985,0.0
28,6,Sailor Brinkley-Cook,27.0,0.1078057042253654,Ranking,Ray Lewis,0.0,0.0516380575170171,0.0
28,6,Sailor Brinkley-Cook,27.0,0.1078057042253654,Percentage,Ray Lewis,0.0,0.0516380575170171,0.0
28,6,Sailor Brinkley-Cook,27.0,0.1078057042253654,New_Mechanism,Ray Lewis,0.0,0.0516380575170171,0.0
28,7,Karamo Brown,24.5,0.0454028690029261,Ranking,Karamo Brown,24.5,0.0454028690029261,0.9074074074074074
28,7,Karamo Brown,24.5,0.0454028690029261,Percentage,Ray Lewis,0.0,0.1203631914054219,0.0
28,7,Karamo Brown,24.5,0.0454028690029261,New_Mechanism,Ray Lewis,0.0,0.1203631914054219,0.0
28,8,Kate Flannery,25.9998,0.0519855833304939,Ranking,Kate Flannery,25.9998,0.0519855833304939,0.8124988281176757
28,8,Kate Flannery,25.9998,0.0519855833304939,Percentage,Ray Lewis,0.0,0.1495671087628279,0.0
28,8,Kate Flannery,25.9998,0.0519855833304939,New_Mechanism,Ray Lewis,0.0,0.1495671087628279,0.0
28,9,Sean Spicer,25.0,0.0701338167335672,Ranking,Sean Spicer,25.0,0.0701338167335672,0.625
28,9,Sean Spicer,25.0,0.0701338167335672,Percentage,Ray Lewis,0.0,0.145966751926041,0.0
28,9,Sean Spicer,25.0,0.0701338167335672,New_Mechanism,Ray Lewis,0.0,0.145966751926041,0.0
28,10,James Van Der Beek,25.5,0.0906590889428619,Ranking,James Van Der Beek,25.5,0.0906590889428619,0.864406779661017
28,10,James Van Der Beek,25.5,0.0906590889428619,Percentage,Ray Lewis,0.0,0.1735067527620139,0.0
28,10,James Van Der Beek,25.5,0.0906590889428619,New_Mechanism,Ray Lewis,0.0,0.1735067527620139,0.0
29,2,Charles Oakley,15.0,0.0156364237020353,Ranking,Charles Oakley,15.0,0.0156364237020353,0.0
29,2,Charles Oakley,15.0,0.0156364237020353,Percentage,Charles Oakley,15.0,0.0156364237020353,0.0
29,2,Charles Oakley,15.0,0.0156364237020353,New_Mechanism,Charles Oakley,15.0,0.0156364237020353,0.0
29,3,Carole Baskin,12.0,0.0185806742166675,Ranking,Carole Baskin,12.0,0.0185806742166675,0.0
29,3,Carole Baskin,12.0,0.0185806742166675,Percentage,Carole Baskin,12.0,0.0185806742166675,0.0
29,3,Carole Baskin,12.0,0.0185806742166675,New_Mechanism,Carole Baskin,12.0,0.0185806742166675,0.0
29,4,Anne Heche,21.0,0.0170943806624022,Ranking,Anne Heche,21.0,0.0170943806624022,0.0
29,4,Anne Heche,21.0,0.0170943806624022,Percentage,Anne Heche,21.0,0.0170943806624022,0.0
29,4,Anne Heche,21.0,0.0170943806624022,New_Mechanism,Anne Heche,21.0,0.0170943806624022,0.0
29,5,Jesse Metcalfe,19.0,0.0252088698329732,Ranking,Jesse Metcalfe,19.0,0.0252088698329732,0.0
29,5,Jesse Metcalfe,19.0,0.0252088698329732,Percentage,Jesse Metcalfe,19.0,0.0252088698329732,0.0
29,5,Jesse Metcalfe,19.0,0.0252088698329732,New_Mechanism,Jesse Metcalfe,19.0,0.0252088698329732,0.0
29,6,Veron Davis,21.0,0.0307554189212734,Ranking,Veron Davis,21.0,0.0307554189212734,0.3333333333333333
29,6,Veron Davis,21.0,0.0307554189212734,Percentage,Veron Davis,21.0,0.0307554189212734,0.3333333333333333
29,6,Veron Davis,21.0,0.0307554189212734,New_Mechanism,Skai Jackson,18.0,0.0889600560397071,0.0
29,7,Monica Aldama,22.0,0.0414899806189524,Ranking,Monica Aldama,22.0,0.0414899806189524,0.0
29,7,Monica Aldama,22.0,0.0414899806189524,Percentage,Monica Aldama,22.0,0.0414899806189524,0.0
29,7,Monica Aldama,22.0,0.0414899806189524,New_Mechanism,Monica Aldama,22.0,0.0414899806189524,0.0
29,8,Chrishell Stause,27.0,0.0374205007201136,Ranking,Chrishell Stause,27.0,0.0374205007201136,0.9
29,8,Chrishell Stause,27.0,0.0374205007201136,Percentage,Jeannie Mai,0.0,0.1338025923966797,0.0
29,8,Chrishell Stause,27.0,0.0374205007201136,New_Mechanism,Jeannie Mai,0.0,0.1338025923966797,0.0
29,9,AJ McLean,24.9998,0.0538174341423306,Ranking,AJ McLean,24.9998,0.0538174341423306,0.8333266666666667
29,9,AJ McLean,24.9998,0.0538174341423306,Percentage,Jeannie Mai,0.0,0.1358968198598688,0.0
29,9,AJ McLean,24.9998,0.0538174341423306,New_Mechanism,Jeannie Mai,0.0,0.1358968198598688,0.0
29,10,Skai Jackson,28.5,0.0794207080774464,Ranking,Johnny Weir,28.5,0.0682510638262685,0.95
29,10,Skai Jackson,28.5,0.0794207080774464,Percentage,Jeannie Mai,0.0,0.1992590131138117,0.0
29,10,Skai Jackson,28.5,0.0794207080774464,New_Mechanism,Jeannie Mai,0.0,0.1992590131138117,0.0
30,2,Martin Kove,15.0,0.0175425798525751,Ranking,Martin Kove,15.0,0.0175425798525751,0.0
30,2,Martin Kove,15.0,0.0175425798525751,Percentage,Martin Kove,15.0,0.0175425798525751,0.0
30,2,Martin Kove,15.0,0.0175425798525751,New_Mechanism,Martin Kove,15.0,0.0175425798525751,0.0
30,3,Christine Chiu,21.0,0.0162243067152565,Ranking,Brian Austin Green,19.0,0.0669605268582688,0.16666666666666666
30,3,Christine Chiu,21.0,0.0162243067152565,Percentage,Christine Chiu,21.0,0.0162243067152565,0.5
30,3,Christine Chiu,21.0,0.0162243067152565,New_Mechanism,Brian Austin Green,19.0,0.0669605268582688,0.16666666666666666
30,4,Brian Austin Green,26.0,0.0275017237484827,Ranking,Brian Austin Green,26.0,0.0275017237484827,0.0
30,4,Brian Austin Green,26.0,0.0275017237484827,Percentage,Brian Austin Green,26.0,0.0275017237484827,0.0
30,4,Brian Austin Green,26.0,0.0275017237484827,New_Mechanism,Brian Austin Green,26.0,0.0275017237484827,0.0
30,5,Melanie C,36.0,0.020611307524599,Ranking,Melanie C,36.0,0.020611307524599,0.6666666666666666
30,5,Melanie C,36.0,0.020611307524599,Percentage,Melanie C,36.0,0.020611307524599,0.6666666666666666
30,5,Melanie C,36.0,0.020611307524599,New_Mechanism,Melanie C,36.0,0.020611307524599,0.6666666666666666
30,6,Kenya Moore,32.0,0.0321978754333543,Ranking,Kenya Moore,32.0,0.0321978754333543,0.0
30,6,Kenya Moore,32.0,0.0321978754333543,Percentage,Kenya Moore,32.0,0.0321978754333543,0.0
30,6,Kenya Moore,32.0,0.0321978754333543,New_Mechanism,Kenya Moore,32.0,0.0321978754333543,0.0
30,7,"Mike ""The Miz"" Mizanin",32.0,0.0523536136865163,Ranking,"Mike ""The Miz"" Mizanin",32.0,0.0523536136865163,0.0
30,7,"Mike ""The Miz"" Mizanin",32.0,0.0523536136865163,Percentage,"Mike ""The Miz"" Mizanin",32.0,0.0523536136865163,0.0
30,7,"Mike ""The Miz"" Mizanin",32.0,0.0523536136865163,New_Mechanism,"Mike ""The Miz"" Mizanin",32.0,0.0523536136865163,0.0
30,8,Jimmie Allen,32.0,0.0693158462569972,Ranking,Jimmie Allen,32.0,0.0693158462569972,0.0
30,8,Jimmie Allen,32.0,0.0693158462569972,Percentage,Jimmie Allen,32.0,0.0693158462569972,0.0
30,8,Jimmie Allen,32.0,0.0693158462569972,New_Mechanism,Jimmie Allen,32.0,0.0693158462569972,0.0
30,9,Melora Hardin,36.0,0.1021434481938648,Ranking,Melora Hardin,36.0,0.1021434481938648,0.1111111111111111
30,9,Melora Hardin,36.0,0.1021434481938648,Percentage,Suni Lee,37.5,0.0742601956349114,0.4444444444444444
30,9,Melora Hardin,36.0,0.1021434481938648,New_Mechanism,Melora Hardin,36.0,0.1021434481938648,0.1111111111111111
31,1,Jason Lewis,18.0,0.0144293210750417,Ranking,Jason Lewis,18.0,0.0144293210750417,0.06666666666666667
31,1,Jason Lewis,18.0,0.0144293210750417,Percentage,Jason Lewis,18.0,0.0144293210750417,0.06666666666666667
31,1,Jason Lewis,18.0,0.0144293210750417,New_Mechanism,Vinny Guadagnino,17.0,0.0552200358851485,0.0
31,2,Teresa Giudice,23.0,0.0163497946885011,Ranking,Teresa Giudice,23.0,0.0163497946885011,0.18181818181818182
31,2,Teresa Giudice,23.0,0.0163497946885011,Percentage,Teresa Giudice,23.0,0.0163497946885011,0.18181818181818182
31,2,Teresa Giudice,23.0,0.0163497946885011,New_Mechanism,Cheryl Ladd,21.0,0.0560630098533714,0.0
31,3,Cheryl Ladd,24.0,0.0160691354813761,Ranking,Cheryl Ladd,24.0,0.0160691354813761,0.1
31,3,Cheryl Ladd,24.0,0.0160691354813761,Percentage,Cheryl Ladd,24.0,0.0160691354813761,0.1
31,3,Cheryl Ladd,24.0,0.0160691354813761,New_Mechanism,Vinny Guadagnino,23.0,0.0595475050674891,0.0
31,4,Sam Champion,25.0,0.0224017826707541,Ranking,Sam Champion,25.0,0.0224017826707541,0.0
31,4,Sam Champion,25.0,0.0224017826707541,Percentage,Sam Champion,25.0,0.0224017826707541,0.0
31,4,Sam Champion,25.0,0.0224017826707541,New_Mechanism,Sam Champion,25.0,0.0224017826707541,0.0
31,5,Joseph Baena,35.0,0.0240604777121157,Ranking,Joseph Baena,35.0,0.0240604777121157,0.36363636363636365
31,5,Joseph Baena,35.0,0.0240604777121157,Percentage,Joseph Baena,35.0,0.0240604777121157,0.36363636363636365
31,5,Joseph Baena,35.0,0.0240604777121157,New_Mechanism,Joseph Baena,35.0,0.0240604777121157,0.36363636363636365
31,6,Jessie James Decker,32.0,0.03530286941031,Ranking,Jessie James Decker,32.0,0.03530286941031,0.8
31,6,Jessie James Decker,32.0,0.03530286941031,Percentage,Selma Blair,0.0,0.0940195293477542,0.0
31,6,Jessie James Decker,32.0,0.03530286941031,New_Mechanism,Selma Blair,0.0,0.0940195293477542,0.0
31,7,Jordin Sparks,34.5,0.0413048433525807,Ranking,Jordin Sparks,34.5,0.0413048433525807,0.8846153846153846
31,7,Jordin Sparks,34.5,0.0413048433525807,Percentage,Selma Blair,0.0,0.1043229230396238,0.0
31,7,Jordin Sparks,34.5,0.0413048433525807,New_Mechanism,Selma Blair,0.0,0.1043229230396238,0.0
31,8,Heidi D'Amelio,35.0,0.0543692118666833,Ranking,Heidi D'Amelio,35.0,0.0543692118666833,0.7777777777777778
31,8,Heidi D'Amelio,35.0,0.0543692118666833,Percentage,Selma Blair,0.0,0.1340352710940655,0.0
31,8,Heidi D'Amelio,35.0,0.0543692118666833,New_Mechanism,Selma Blair,0.0,0.1340352710940655,0.0
31,9,Trevor Donovan,32.5,0.0930833981632856,Ranking,Daniel Durant,34.5,0.0778197628857905,0.8625
31,9,Trevor Donovan,32.5,0.0930833981632856,Percentage,Selma Blair,0.0,0.1777288553650597,0.0
31,9,Trevor Donovan,32.5,0.0930833981632856,New_Mechanism,Selma Blair,0.0,0.1777288553650597,0.0
32,1,Matt Walsh,12.0,0.0136573376901798,Ranking,Matt Walsh,12.0,0.0136573376901798,0.0
32,1,Matt Walsh,12.0,0.0136573376901798,Percentage,Matt Walsh,12.0,0.0136573376901798,0.0
32,1,Matt Walsh,12.0,0.0136573376901798,New_Mechanism,Matt Walsh,12.0,0.0136573376901798,0.0
32,2,Jamie Lynn Spears,16.0,0.0156581131519559,Ranking,Jamie Lynn Spears,16.0,0.0156581131519559,0.3333333333333333
32,2,Jamie Lynn Spears,16.0,0.0156581131519559,Percentage,Jamie Lynn Spears,16.0,0.0156581131519559,0.3333333333333333
32,2,Jamie Lynn Spears,16.0,0.0156581131519559,New_Mechanism,Harry Jowsey,15.0,0.07195563377267,0.25
32,3,Tyson Beckford,20.0,0.0252438620375885,Ranking,Tyson Beckford,20.0,0.0252438620375885,0.0
32,3,Tyson Beckford,20.0,0.0252438620375885,Percentage,Tyson Beckford,20.0,0.0252438620375885,0.0
32,3,Tyson Beckford,20.0,0.0252438620375885,New_Mechanism,Tyson Beckford,20.0,0.0252438620375885,0.0
32,4,Adrian Peterson,21.0,0.0245719904149527,Ranking,Adrian Peterson,21.0,0.0245719904149527,0.3333333333333333
32,4,Adrian Peterson,21.0,0.0245719904149527,Percentage,Adrian Peterson,21.0,0.0245719904149527,0.3333333333333333
32,4,Adrian Peterson,21.0,0.0245719904149527,New_Mechanism,Adrian Peterson,21.0,0.0245719904149527,0.3333333333333333
32,5,Mira Sorvino,22.0,0.0375568129605633,Ranking,Mira Sorvino,22.0,0.0375568129605633,0.4
32,5,Mira Sorvino,22.0,0.0375568129605633,Percentage,Mira Sorvino,22.0,0.0375568129605633,0.4
32,5,Mira Sorvino,22.0,0.0375568129605633,New_Mechanism,Harry Jowsey,18.0,0.0991132949306997,0.0
32,6,Mauricio Umansky,33.0,0.0353048050997193,Ranking,Mauricio Umansky,33.0,0.0353048050997193,0.3076923076923077
32,6,Mauricio Umansky,33.0,0.0353048050997193,Percentage,Mauricio Umansky,33.0,0.0353048050997193,0.3076923076923077
32,6,Mauricio Umansky,33.0,0.0353048050997193,New_Mechanism,Barry Williams,32.0,0.1028802172624806,0.23076923076923078
32,7,Lele Pons,36.5,0.0448750183038662,Ranking,Lele Pons,36.5,0.0448750183038662,0.9
32,7,Lele Pons,36.5,0.0448750183038662,Percentage,Lele Pons,36.5,0.0448750183038662,0.9
32,7,Lele Pons,36.5,0.0448750183038662,New_Mechanism,Lele Pons,36.5,0.0448750183038662,0.9
32,8,Barry Williams,35.0,0.0637341689997015,Ranking,Barry Williams,35.0,0.0637341689997015,0.5
32,8,Barry Williams,35.0,0.0637341689997015,Percentage,Barry Williams,35.0,0.0637341689997015,0.5
32,8,Barry Williams,35.0,0.0637341689997015,New_Mechanism,Jason Mraz,33.0,0.1531281391564047,0.35714285714285715
32,9,Harry Jowsey,30.0,0.0941274031186436,Ranking,Harry Jowsey,30.0,0.0941274031186436,0.0
32,9,Harry Jowsey,30.0,0.0941274031186436,Percentage,Harry Jowsey,30.0,0.0941274031186436,0.0
32,9,Harry Jowsey,30.0,0.0941274031186436,New_Mechanism,Harry Jowsey,30.0,0.0941274031186436,0.0
33,2,Tori Spelling,19.0,0.0223816276412081,Ranking,Anna Delvey,17.0,0.0283632416312521,0.2222222222222222
33,2,Tori Spelling,19.0,0.0223816276412081,Percentage,Anna Delvey,17.0,0.0283632416312521,0.2222222222222222
33,2,Tori Spelling,19.0,0.0223816276412081,New_Mechanism,Anna Delvey,17.0,0.0283632416312521,0.2222222222222222
33,3,Eric Roberts,23.0,0.0325963295380295,Ranking,Eric Roberts,23.0,0.0325963295380295,0.14285714285714285
33,3,Eric Roberts,23.0,0.0325963295380295,Percentage,Reginald VelJohnson,21.0,0.0382263401247576,0.0
33,3,Eric Roberts,23.0,0.0325963295380295,New_Mechanism,Reginald VelJohnson,21.0,0.0382263401247576,0.0
33,4,Brooks Nader,32.0,0.0322186700797749,Ranking,Brooks Nader,32.0,0.0322186700797749,0.42857142857142855
33,4,Brooks Nader,32.0,0.0322186700797749,Percentage,Brooks Nader,32.0,0.0322186700797749,0.42857142857142855
33,4,Brooks Nader,32.0,0.0322186700797749,New_Mechanism,Brooks Nader,32.0,0.0322186700797749,0.42857142857142855
33,5,Phaedra Parks,24.0,0.0441346466491492,Ranking,Phaedra Parks,24.0,0.0441346466491492,0.0
33,5,Phaedra Parks,24.0,0.0441346466491492,Percentage,Phaedra Parks,24.0,0.0441346466491492,0.0
33,5,Phaedra Parks,24.0,0.0441346466491492,New_Mechanism,Phaedra Parks,24.0,0.0441346466491492,0.0
33,6,Jenn Tran,31.0,0.0628048614357217,Ranking,Jenn Tran,31.0,0.0628048614357217,0.875
33,6,Jenn Tran,31.0,0.0628048614357217,Percentage,Jenn Tran,31.0,0.0628048614357217,0.875
33,6,Jenn Tran,31.0,0.0628048614357217,New_Mechanism,Jenn Tran,31.0,0.0628048614357217,0.875
33,7,Dwight Howard,24.0,0.0833183112610673,Ranking,Dwight Howard,24.0,0.0833183112610673,0.0
33,7,Dwight Howard,24.0,0.0833183112610673,Percentage,Dwight Howard,24.0,0.0833183112610673,0.0
33,7,Dwight Howard,24.0,0.0833183112610673,New_Mechanism,Dwight Howard,24.0,0.0833183112610673,0.0
34,2,Corey Feldman,15.0,0.0216675732636435,Ranking,Corey Feldman,15.0,0.0216675732636435,0.0
34,2,Corey Feldman,15.0,0.0216675732636435,Percentage,Corey Feldman,15.0,0.0216675732636435,0.0
34,2,Corey Feldman,15.0,0.0216675732636435,New_Mechanism,Corey Feldman,15.0,0.0216675732636435,0.0
34,3,Lauren Jauregui,18.0,0.0240638249769015,Ranking,Lauren Jauregui,18.0,0.0240638249769015,0.0
34,3,Lauren Jauregui,18.0,0.0240638249769015,Percentage,Lauren Jauregui,18.0,0.0240638249769015,0.0
34,3,Lauren Jauregui,18.0,0.0240638249769015,New_Mechanism,Lauren Jauregui,18.0,0.0240638249769015,0.0
34,4,Hilaria Baldwin,23.0,0.0239148206799218,Ranking,Hilaria Baldwin,23.0,0.0239148206799218,0.7142857142857143
34,4,Hilaria Baldwin,23.0,0.0239148206799218,Percentage,Hilaria Baldwin,23.0,0.0239148206799218,0.7142857142857143
34,4,Hilaria Baldwin,23.0,0.0239148206799218,New_Mechanism,Hilaria Baldwin,23.0,0.0239148206799218,0.7142857142857143
34,6,Scott Hoying,28.0,0.0342097808395299,Ranking,Scott Hoying,28.0,0.0342097808395299,0.08333333333333333
34,6,Scott Hoying,28.0,0.0342097808395299,Percentage,Scott Hoying,28.0,0.0342097808395299,0.08333333333333333
34,6,Scott Hoying,28.0,0.0342097808395299,New_Mechanism,Andy Richter,27.0,0.0927569492200508,0.0
34,7,Jen Affleck,34.0,0.037236526826993,Ranking,Jen Affleck,34.0,0.037236526826993,0.35714285714285715
34,7,Jen Affleck,34.0,0.037236526826993,Percentage,Jen Affleck,34.0,0.037236526826993,0.35714285714285715
34,7,Jen Affleck,34.0,0.037236526826993,New_Mechanism,Elaine Hendrix,32.0,0.104809716931459,0.21428571428571427
34,8,Danielle Fishel,37.0,0.0553255439942201,Ranking,Danielle Fishel,37.0,0.0553255439942201,0.5454545454545454
34,8,Danielle Fishel,37.0,0.0553255439942201,Percentage,Danielle Fishel,37.0,0.0553255439942201,0.5454545454545454
34,8,Danielle Fishel,37.0,0.0553255439942201,New_Mechanism,Andy Richter,34.0,0.121092979955898,0.0
34,9,Andy Richter,29.0,0.0620451480045909,Ranking,Andy Richter,29.0,0.0620451480045909,0.0
34,9,Andy Richter,29.0,0.0620451480045909,Percentage,Andy Richter,29.0,0.0620451480045909,0.0
34,9,Andy Richter,29.0,0.0620451480045909,New_Mechanism,Andy Richter,29.0,0.0620451480045909,0.0
34,10,Whitney Leavitt,29.0,0.0713673112736346,Ranking,Whitney Leavitt,29.0,0.0713673112736346,0.75
34,10,Whitney Leavitt,29.0,0.0713673112736346,Percentage,Whitney Leavitt,29.0,0.0713673112736346,0.75
34,10,Whitney Leavitt,29.0,0.0713673112736346,New_Mechanism,Whitney Leavitt,29.0,0.0713673112736346,0.75
